Date,Active Energy (kJ),Heart Rate [Min] (bpm),Heart Rate [Max] (bpm),Heart Rate [Avg] (bpm),Step Count (steps),Walking + Running Distance (km) 
2015-01-14 00:00:00,,,,,,,
2015-01-15 00:00:00,,,,,,,
2015-01-16 00:00:00,,,,,,,
2015-01-17 00:00:00,,,,,,,
2015-01-18 00:00:00,,,,,,,
2015-01-19 00:00:00,,,,,,,
2015-01-20 00:00:00,,,,,,,
2015-01-21 00:00:00,,,,,,,
2015-01-22 00:00:00,,,,,,,
2015-01-23 00:00:00,,,,,,,
2015-01-24 00:00:00,,,,,,,
2015-01-25 00:00:00,,,,,,,
2015-01-26 00:00:00,,,,,,,
2015-01-27 00:00:00,,,,,,,
2015-01-28 00:00:00,,,,,,,
2015-01-29 00:00:00,,,,,,,
2015-01-30 00:00:00,,,,,,,
2015-01-31 00:00:00,,,,,,,
2015-02-01 00:00:00,,,,,,,
2015-02-02 00:00:00,,,,,,,
2015-02-03 00:00:00,,,,,,,
2015-02-04 00:00:00,,,,,,,
2015-02-05 00:00:00,,,,,,,
2015-02-06 00:00:00,,,,,,,
2015-02-07 00:00:00,,,,,,,
2015-02-08 00:00:00,,,,,,,
2015-02-09 00:00:00,,,,,,,
2015-02-10 00:00:00,,,,,,,
2015-02-11 00:00:00,,,,,,,
2015-02-12 00:00:00,,,,,,,
2015-02-13 00:00:00,,,,,,,
2015-02-14 00:00:00,,,,,,,
2015-02-15 00:00:00,,,,,,,
2015-02-16 00:00:00,,,,,,,
2015-02-17 00:00:00,,,,,,,
2015-02-18 00:00:00,,,,,,,
2015-02-19 00:00:00,,,,,,,
2015-02-20 00:00:00,,,,,,,
2015-02-21 00:00:00,,,,,,,
2015-02-22 00:00:00,,,,,,,
2015-02-23 00:00:00,,,,,,,
2015-02-24 00:00:00,,,,,,,
2015-02-25 00:00:00,,,,,,,
2015-02-26 00:00:00,,,,,,,
2015-02-27 00:00:00,,,,,,,
2015-02-28 00:00:00,,,,,,,
2015-03-01 00:00:00,,,,,,,
2015-03-02 00:00:00,,,,,,,
2015-03-03 00:00:00,,,,,,,
2015-03-04 00:00:00,,,,,,,
2015-03-05 00:00:00,,,,,,,
2015-03-06 00:00:00,,,,,,,
2015-03-07 00:00:00,,,,,,,
2015-03-08 00:00:00,,,,,,,
2015-03-09 00:00:00,,,,,,,
2015-03-10 00:00:00,,,,,,,
2015-03-11 00:00:00,,,,,,,
2015-03-12 00:00:00,,,,,,,
2015-03-13 00:00:00,,,,,,,
2015-03-14 00:00:00,,,,,,,
2015-03-15 00:00:00,,,,,,,
2015-03-16 00:00:00,,,,,,,
2015-03-17 00:00:00,,,,,,,
2015-03-18 00:00:00,,,,,,,
2015-03-19 00:00:00,,,,,,,
2015-03-20 00:00:00,,,,,,,
2015-03-21 00:00:00,,,,,,,
2015-03-22 00:00:00,,,,,,,
2015-03-23 00:00:00,,,,,,,
2015-03-24 00:00:00,,,,,,,
2015-03-25 00:00:00,,,,,,,
2015-03-26 00:00:00,,,,,,,
2015-03-27 00:00:00,,,,,,,
2015-03-28 00:00:00,,,,,,,
2015-03-29 00:00:00,,,,,,,
2015-03-30 00:00:00,,,,,,,
2015-03-31 00:00:00,,,,,,,
2015-04-01 00:00:00,,,,,,,
2015-04-02 00:00:00,,,,,,,
2015-04-03 00:00:00,,70,70,70,,,
2015-04-04 00:00:00,,55,55,55,,,
2015-04-05 00:00:00,,65,65,65,,,
2015-04-06 00:00:00,,,,,,,
2015-04-07 00:00:00,,,,,,,
2015-04-08 00:00:00,,,,,,,
2015-04-09 00:00:00,,,,,,,
2015-04-10 00:00:00,,,,,,,
2015-04-11 00:00:00,,,,,,,
2015-04-12 00:00:00,,,,,,,
2015-04-13 00:00:00,,,,,,,
2015-04-14 00:00:00,,,,,,,
2015-04-15 00:00:00,,,,,,,
2015-04-16 00:00:00,,,,,,,
2015-04-17 00:00:00,,,,,,,
2015-04-18 00:00:00,,74,74,74,,,
2015-04-19 00:00:00,,,,,,,
2015-04-20 00:00:00,,40,71,55.5,210,,
2015-04-21 00:00:00,,,,,,,
2015-04-22 00:00:00,,,,,,,
2015-04-23 00:00:00,,,,,,,
2015-04-24 00:00:00,,,,,,,
2015-04-25 00:00:00,,45,45,45,230,,
2015-04-26 00:00:00,,,,,,,
2015-04-27 00:00:00,,,,,,,
2015-04-28 00:00:00,,,,,,,
2015-04-29 00:00:00,,,,,,,
2015-04-30 00:00:00,,,,,,,
2015-05-01 00:00:00,,,,,,,
2015-05-02 00:00:00,,,,,,,
2015-05-03 00:00:00,,,,,,,
2015-05-04 00:00:00,,,,,500,,
2015-05-05 00:00:00,,,,,,,
2015-05-06 00:00:00,,,,,,,
2015-05-07 00:00:00,,,,,,,
2015-05-08 00:00:00,,,,,,,
2015-05-09 00:00:00,,,,,,,
2015-05-10 00:00:00,,,,,,,
2015-05-11 00:00:00,,,,,,,
2015-05-12 00:00:00,,,,,,,
2015-05-13 00:00:00,,,,,,,
2015-05-14 00:00:00,,,,,,,
2015-05-15 00:00:00,,,,,,,
2015-05-16 00:00:00,,,,,,,
2015-05-17 00:00:00,,,,,,,
2015-05-18 00:00:00,,,,,,,
2015-05-19 00:00:00,,,,,,,
2015-05-20 00:00:00,,,,,,,
2015-05-21 00:00:00,,,,,,,
2015-05-22 00:00:00,,,,,,,
2015-05-23 00:00:00,,,,,,,
2015-05-24 00:00:00,,,,,,,
2015-05-25 00:00:00,,,,,,,
2015-05-26 00:00:00,,,,,,,
2015-05-27 00:00:00,,,,,,,
2015-05-28 00:00:00,,,,,,,
2015-05-29 00:00:00,,,,,,,
2015-05-30 00:00:00,,,,,,,
2015-05-31 00:00:00,,,,,,,
2015-06-01 00:00:00,,,,,,,
2015-06-02 00:00:00,,,,,,,
2015-06-03 00:00:00,,,,,,,
2015-06-04 00:00:00,,,,,,,
2015-06-05 00:00:00,,,,,,,
2015-06-06 00:00:00,,,,,,,
2015-06-07 00:00:00,,,,,,,
2015-06-08 00:00:00,,,,,,,
2015-06-09 00:00:00,,,,,,,
2015-06-10 00:00:00,,,,,,,
2015-06-11 00:00:00,,,,,,,
2015-06-12 00:00:00,5.94,,,,10,0.006,
2015-06-13 00:00:00,,,,,,,
2015-06-14 00:00:00,,,,,,,
2015-06-15 00:00:00,,,,,,,
2015-06-16 00:00:00,,,,,,,
2015-06-17 00:00:00,,,,,,,
2015-06-18 00:00:00,,,,,,,
2015-06-19 00:00:00,0.059,,,,,,
2015-06-20 00:00:00,,,,,,,
2015-06-21 00:00:00,,,,,,,
2015-06-22 00:00:00,,,,,,,
2015-06-23 00:00:00,,,,,,,
2015-06-24 00:00:00,,,,,,,
2015-06-25 00:00:00,,,,,,,
2015-06-26 00:00:00,89.83,41,113,82.93,381,0.354,
2015-06-27 00:00:00,656.07,45,214,120.41,6173,5.71,
2015-06-28 00:00:00,29.68,81,96,88.43,217,0.266,
2015-06-29 00:00:00,,,,,,,
2015-06-30 00:00:00,67.15,69,83,76,318,0.243,
2015-07-01 00:00:00,13.37,,,,80,0.053,
2015-07-02 00:00:00,,,,,,,
2015-07-03 00:00:00,14.87,,,,135,0.106,
2015-07-04 00:00:00,65.75,,,,259,0.224,
2015-07-05 00:00:00,1282,44,175,128.29,4418,4.55,
2015-07-06 00:00:00,,,,,,,
2015-07-07 00:00:00,,,,,,,
2015-07-08 00:00:00,,,,,,,
2015-07-09 00:00:00,164.17,59,81,67,780,0.616,
2015-07-10 00:00:00,174.65,61,88,74.6,657,0.512,
2015-07-11 00:00:00,415.63,67,69,68,3030,2.45,
2015-07-12 00:00:00,292.07,81,95,89.21,3109,2.24,
2015-07-13 00:00:00,,,,,,,
2015-07-14 00:00:00,66.86,69,69,69,678,0.496,
2015-07-15 00:00:00,179.73,59,107,74.13,1416,1.01,
2015-07-16 00:00:00,,,,,,,
2015-07-17 00:00:00,,,,,,,
2015-07-18 00:00:00,54.79,62,77,68.67,345,0.272,
2015-07-19 00:00:00,57.44,102,121,110,118,0.1,
2015-07-20 00:00:00,86.04,72,97,84.5,411,0.317,
2015-07-21 00:00:00,,,,,,,
2015-07-22 00:00:00,,,,,,,
2015-07-23 00:00:00,712.13,65,151,112.09,2272,1.76,
2015-07-24 00:00:00,118.57,97,100,98.5,569,0.362,
2015-07-25 00:00:00,581.14,42,144,115.03,3269,2.56,
2015-07-26 00:00:00,203.89,56,111,75.98,1240,0.888,
2015-07-27 00:00:00,350.79,67,88,77.5,3290,2.44,
2015-07-28 00:00:00,,,,,,,
2015-07-29 00:00:00,,,,,,,
2015-07-30 00:00:00,170.15,55,97,73.5,935,0.66,
2015-07-31 00:00:00,531.82,97,97,97,6683,4.7,
2015-08-01 00:00:00,305.12,65,177,101.04,3190,2.6,
2015-08-02 00:00:00,96.89,,,,559,0.44,
2015-08-03 00:00:00,1690,61,194,137.9,7383,5.85,
2015-08-04 00:00:00,430.71,42,88,63.25,5112,3.23,
2015-08-05 00:00:00,348.64,74,203,126.18,1747,1.39,
2015-08-06 00:00:00,334.6,51,74,62.5,1873,1.47,
2015-08-07 00:00:00,641.37,38,88,70.13,9033,6.48,
2015-08-08 00:00:00,380.13,69,107,82.83,3713,2.54,
2015-08-09 00:00:00,607.14,74,88,82.4,7434,4.94,
2015-08-10 00:00:00,521.93,61,102,83.4,7893,5.32,
2015-08-11 00:00:00,471.46,54,92,70.83,6786,4.76,
2015-08-12 00:00:00,152.32,65,111,95.9,1692,1.11,
2015-08-13 00:00:00,92.84,61,100,79,815,0.512,
2015-08-14 00:00:00,,,,,,,
2015-08-15 00:00:00,30.76,121,121,121,182,0.163,
2015-08-16 00:00:00,140.15,65,95,81.09,2198,1.34,
2015-08-17 00:00:00,17.53,,,,17,0.008,
2015-08-18 00:00:00,775.43,47,103,85.77,10041,8.13,
2015-08-19 00:00:00,28.04,,,,219,0.141,
2015-08-20 00:00:00,,,,,,,
2015-08-21 00:00:00,88.31,,,,588,0.554,
2015-08-22 00:00:00,1.03,,,,,,
2015-08-23 00:00:00,403.3,61,107,85.29,1730,1.39,
2015-08-24 00:00:00,,,,,,,
2015-08-25 00:00:00,,,,,,,
2015-08-26 00:00:00,,,,,,,
2015-08-27 00:00:00,,,,,,,
2015-08-28 00:00:00,,,,,,,
2015-08-29 00:00:00,,,,,,,
2015-08-30 00:00:00,,,,,,,
2015-08-31 00:00:00,1,69,107,84.33,,,
2015-09-01 00:00:00,,,,,,,
2015-09-02 00:00:00,,,,,,,
2015-09-03 00:00:00,52.3,83,88,85.5,328,0.246,
2015-09-04 00:00:00,,,,,,,
2015-09-05 00:00:00,,,,,,,
2015-09-06 00:00:00,,,,,,,
2015-09-07 00:00:00,,,,,,,
2015-09-08 00:00:00,,,,,,,
2015-09-09 00:00:00,,,,,,,
2015-09-10 00:00:00,,,,,,,
2015-09-11 00:00:00,,,,,,,
2015-09-12 00:00:00,375.84,61,159,117.49,3386,2.61,
2015-09-13 00:00:00,1330,51,166,133.2,5363,4.33,
2015-09-14 00:00:00,,,,,,,
2015-09-15 00:00:00,,,,,,,
2015-09-16 00:00:00,,,,,,,
2015-09-17 00:00:00,,,,,,,
2015-09-18 00:00:00,0.736,,,,,,
2015-09-19 00:00:00,,,,,,,
2015-09-20 00:00:00,,,,,,,
2015-09-21 00:00:00,,,,,,,
2015-09-22 00:00:00,,,,,,,
2015-09-23 00:00:00,,,,,,,
2015-09-24 00:00:00,,,,,,,
2015-09-25 00:00:00,,,,,,,
2015-09-26 00:00:00,,,,,,,
2015-09-27 00:00:00,,,,,,,
2015-09-28 00:00:00,,,,,,,
2015-09-29 00:00:00,,,,,,,
2015-09-30 00:00:00,,,,,,,
2015-10-01 00:00:00,,,,,,,
2015-10-02 00:00:00,,,,,,,
2015-10-03 00:00:00,,,,,,,
2015-10-04 00:00:00,,,,,,,
2015-10-05 00:00:00,,,,,,,
2015-10-06 00:00:00,,,,,,,
2015-10-07 00:00:00,,,,,,,
2015-10-08 00:00:00,,,,,,,
2015-10-09 00:00:00,,,,,,,
2015-10-10 00:00:00,,,,,,,
2015-10-11 00:00:00,,,,,,,
2015-10-12 00:00:00,,,,,,,
2015-10-13 00:00:00,,,,,,,
2015-10-14 00:00:00,,,,,,,
2015-10-15 00:00:00,,,,,,,
2015-10-16 00:00:00,,,,,,,
2015-10-17 00:00:00,,,,,,,
2015-10-18 00:00:00,,,,,,,
2015-10-19 00:00:00,,,,,,,
2015-10-20 00:00:00,,,,,,,
2015-10-21 00:00:00,,,,,,,
2015-10-22 00:00:00,,,,,,,
2015-10-23 00:00:00,,,,,,,
2015-10-24 00:00:00,,,,,,,
2015-10-25 00:00:00,,,,,,,
2015-10-26 00:00:00,,,,,,,
2015-10-27 00:00:00,,,,,,,
2015-10-28 00:00:00,,,,,,,
2015-10-29 00:00:00,,,,,,,
2015-10-30 00:00:00,,,,,,,
2015-10-31 00:00:00,,,,,,,
2015-11-01 00:00:00,,,,,,,
2015-11-02 00:00:00,,,,,,,
2015-11-03 00:00:00,,,,,,,
2015-11-04 00:00:00,,,,,,,
2015-11-05 00:00:00,,,,,,,
2015-11-06 00:00:00,,,,,,,
2015-11-07 00:00:00,,,,,,,
2015-11-08 00:00:00,,,,,,,
2015-11-09 00:00:00,,,,,,,
2015-11-10 00:00:00,,,,,,,
2015-11-11 00:00:00,,,,,,,
2015-11-12 00:00:00,,,,,,,
2015-11-13 00:00:00,,,,,,,
2015-11-14 00:00:00,,,,,,,
2015-11-15 00:00:00,,,,,,,
2015-11-16 00:00:00,,,,,,,
2015-11-17 00:00:00,,,,,,,
2015-11-18 00:00:00,,,,,,,
2015-11-19 00:00:00,,,,,,,
2015-11-20 00:00:00,,,,,,,
2015-11-21 00:00:00,,,,,,,
2015-11-22 00:00:00,,,,,,,
2015-11-23 00:00:00,,,,,,,
2015-11-24 00:00:00,,,,,,,
2015-11-25 00:00:00,,,,,,,
2015-11-26 00:00:00,,,,,,,
2015-11-27 00:00:00,,,,,,,
2015-11-28 00:00:00,,,,,,,
2015-11-29 00:00:00,,,,,,,
2015-11-30 00:00:00,,,,,,,
2015-12-01 00:00:00,,,,,,,
2015-12-02 00:00:00,,,,,,,
2015-12-03 00:00:00,,,,,,,
2015-12-04 00:00:00,,,,,,,
2015-12-05 00:00:00,,,,,,,
2015-12-06 00:00:00,,,,,,,
2015-12-07 00:00:00,,,,,,,
2015-12-08 00:00:00,,,,,,,
2015-12-09 00:00:00,,,,,,,
2015-12-10 00:00:00,,,,,,,
2015-12-11 00:00:00,,,,,,,
2015-12-12 00:00:00,,,,,,,
2015-12-13 00:00:00,,,,,,,
2015-12-14 00:00:00,,,,,,,
2015-12-15 00:00:00,,,,,,,
2015-12-16 00:00:00,,,,,,,
2015-12-17 00:00:00,,,,,,,
2015-12-18 00:00:00,,,,,,,
2015-12-19 00:00:00,,,,,,,
2015-12-20 00:00:00,,,,,,,
2015-12-21 00:00:00,,,,,,,
2015-12-22 00:00:00,,,,,,,
2015-12-23 00:00:00,,,,,,,
2015-12-24 00:00:00,,,,,,,
2015-12-25 00:00:00,,,,,,,
2015-12-26 00:00:00,,,,,,,
2015-12-27 00:00:00,,,,,,,
2015-12-28 00:00:00,,,,,,,
2015-12-29 00:00:00,,,,,,,
2015-12-30 00:00:00,,,,,,,
2015-12-31 00:00:00,,,,,,,
2016-01-01 00:00:00,,,,,,,
2016-01-02 00:00:00,,,,,,,
2016-01-03 00:00:00,,,,,,,
2016-01-04 00:00:00,,,,,,,
2016-01-05 00:00:00,,,,,,,
2016-01-06 00:00:00,,,,,,,
2016-01-07 00:00:00,,,,,,,
2016-01-08 00:00:00,,,,,,,
2016-01-09 00:00:00,,,,,,,
2016-01-10 00:00:00,,,,,,,
2016-01-11 00:00:00,,,,,,,
2016-01-12 00:00:00,,,,,,,
2016-01-13 00:00:00,,,,,,,
2016-01-14 00:00:00,,,,,,,
2016-01-15 00:00:00,,,,,,,
2016-01-16 00:00:00,,,,,,,
2016-01-17 00:00:00,,,,,,,
2016-01-18 00:00:00,,,,,,,
2016-01-19 00:00:00,,,,,,,
2016-01-20 00:00:00,,,,,,,
2016-01-21 00:00:00,,,,,,,
2016-01-22 00:00:00,,,,,,,
2016-01-23 00:00:00,,,,,,,
2016-01-24 00:00:00,,,,,,,
2016-01-25 00:00:00,,,,,,,
2016-01-26 00:00:00,,,,,,,
2016-01-27 00:00:00,,,,,,,
2016-01-28 00:00:00,,,,,,,
2016-01-29 00:00:00,,,,,,,
2016-01-30 00:00:00,,,,,,,
2016-01-31 00:00:00,,,,,,,
2016-02-01 00:00:00,,,,,,,
2016-02-02 00:00:00,,,,,,,
2016-02-03 00:00:00,,,,,,,
2016-02-04 00:00:00,,,,,,,
2016-02-05 00:00:00,,,,,,,
2016-02-06 00:00:00,,,,,,,
2016-02-07 00:00:00,,,,,,,
2016-02-08 00:00:00,,,,,,,
2016-02-09 00:00:00,,,,,,,
2016-02-10 00:00:00,,,,,,,
2016-02-11 00:00:00,,,,,,,
2016-02-12 00:00:00,,,,,,,
2016-02-13 00:00:00,,,,,,,
2016-02-14 00:00:00,,,,,,,
2016-02-15 00:00:00,,,,,,,
2016-02-16 00:00:00,,,,,,,
2016-02-17 00:00:00,,,,,,,
2016-02-18 00:00:00,,,,,,,
2016-02-19 00:00:00,,,,,,,
2016-02-20 00:00:00,,,,,,,
2016-02-21 00:00:00,,,,,,,
2016-02-22 00:00:00,,,,,,,
2016-02-23 00:00:00,,,,,,,
2016-02-24 00:00:00,,,,,,,
2016-02-25 00:00:00,,,,,,,
2016-02-26 00:00:00,,,,,,,
2016-02-27 00:00:00,,,,,,,
2016-02-28 00:00:00,,,,,,,
2016-02-29 00:00:00,,,,,,,
2016-03-01 00:00:00,,,,,,,
2016-03-02 00:00:00,,,,,,,
2016-03-03 00:00:00,,,,,,,
2016-03-04 00:00:00,,,,,,,
2016-03-05 00:00:00,,,,,,,
2016-03-06 00:00:00,,,,,,,
2016-03-07 00:00:00,,,,,,,
2016-03-08 00:00:00,,,,,,,
2016-03-09 00:00:00,,,,,,,
2016-03-10 00:00:00,,,,,,,
2016-03-11 00:00:00,,,,,,,
2016-03-12 00:00:00,,,,,,,
2016-03-13 00:00:00,,,,,,,
2016-03-14 00:00:00,,,,,,,
2016-03-15 00:00:00,,,,,,,
2016-03-16 00:00:00,,,,,,,
2016-03-17 00:00:00,,,,,,,
2016-03-18 00:00:00,,,,,,,
2016-03-19 00:00:00,,,,,,,
2016-03-20 00:00:00,,,,,,,
2016-03-21 00:00:00,,,,,,,
2016-03-22 00:00:00,,,,,,,
2016-03-23 00:00:00,,,,,,,
2016-03-24 00:00:00,,,,,,,
2016-03-25 00:00:00,,,,,,,
2016-03-26 00:00:00,,,,,,,
2016-03-27 00:00:00,,,,,,,
2016-03-28 00:00:00,,,,,,,
2016-03-29 00:00:00,,,,,,,
2016-03-30 00:00:00,,,,,,,
2016-03-31 00:00:00,,,,,,,
2016-04-01 00:00:00,,,,,,,
2016-04-02 00:00:00,,,,,,,
2016-04-03 00:00:00,,,,,,,
2016-04-04 00:00:00,,,,,,,
2016-04-05 00:00:00,,,,,,,
2016-04-06 00:00:00,,,,,,,
2016-04-07 00:00:00,,,,,,,
2016-04-08 00:00:00,,,,,,,
2016-04-09 00:00:00,,,,,,,
2016-04-10 00:00:00,,,,,,,
2016-04-11 00:00:00,,,,,,,
2016-04-12 00:00:00,,,,,,,
2016-04-13 00:00:00,,,,,,,
2016-04-14 00:00:00,,,,,,,
2016-04-15 00:00:00,,,,,,,
2016-04-16 00:00:00,,,,,,,
2016-04-17 00:00:00,,,,,,,
2016-04-18 00:00:00,,,,,,,
2016-04-19 00:00:00,,,,,,,
2016-04-20 00:00:00,,,,,,,
2016-04-21 00:00:00,,,,,,,
2016-04-22 00:00:00,,,,,,,
2016-04-23 00:00:00,,,,,,,
2016-04-24 00:00:00,,,,,,,
2016-04-25 00:00:00,,,,,,,
2016-04-26 00:00:00,,,,,,,
2016-04-27 00:00:00,,,,,,,
2016-04-28 00:00:00,,,,,,,
2016-04-29 00:00:00,,,,,,,
2016-04-30 00:00:00,,,,,,,
2016-05-01 00:00:00,,,,,,,
2016-05-02 00:00:00,,,,,,,
2016-05-03 00:00:00,,,,,,,
2016-05-04 00:00:00,,,,,,,
2016-05-05 00:00:00,,,,,,,
2016-05-06 00:00:00,,,,,,,
2016-05-07 00:00:00,,,,,,,
2016-05-08 00:00:00,,,,,,,
2016-05-09 00:00:00,,,,,,,
2016-05-10 00:00:00,,,,,,,
2016-05-11 00:00:00,,,,,,,
2016-05-12 00:00:00,,,,,,,
2016-05-13 00:00:00,,,,,,,
2016-05-14 00:00:00,,,,,,,
2016-05-15 00:00:00,,,,,,,
2016-05-16 00:00:00,,,,,,,
2016-05-17 00:00:00,,,,,,,
2016-05-18 00:00:00,,,,,,,
2016-05-19 00:00:00,,,,,,,
2016-05-20 00:00:00,,,,,,,
2016-05-21 00:00:00,,,,,,,
2016-05-22 00:00:00,,,,,,,
2016-05-23 00:00:00,,,,,,,
2016-05-24 00:00:00,,,,,,,
2016-05-25 00:00:00,,,,,,,
2016-05-26 00:00:00,,,,,,,
2016-05-27 00:00:00,,,,,,,
2016-05-28 00:00:00,,,,,,,
2016-05-29 00:00:00,,,,,,,
2016-05-30 00:00:00,,,,,,,
2016-05-31 00:00:00,,,,,,,
2016-06-01 00:00:00,,,,,,,
2016-06-02 00:00:00,,,,,,,
2016-06-03 00:00:00,,,,,,,
2016-06-04 00:00:00,,,,,,,
2016-06-05 00:00:00,,,,,,,
2016-06-06 00:00:00,,,,,,,
2016-06-07 00:00:00,,,,,,,
2016-06-08 00:00:00,,,,,,,
2016-06-09 00:00:00,,,,,,,
2016-06-10 00:00:00,,,,,,,
2016-06-11 00:00:00,,,,,,,
2016-06-12 00:00:00,,,,,,,
2016-06-13 00:00:00,,,,,,,
2016-06-14 00:00:00,,,,,,,
2016-06-15 00:00:00,,,,,,,
2016-06-16 00:00:00,,,,,,,
2016-06-17 00:00:00,,,,,,,
2016-06-18 00:00:00,,,,,,,
2016-06-19 00:00:00,,,,,,,
2016-06-20 00:00:00,,,,,,,
2016-06-21 00:00:00,,,,,,,
2016-06-22 00:00:00,,,,,,,
2016-06-23 00:00:00,,,,,,,
2016-06-24 00:00:00,,,,,,,
2016-06-25 00:00:00,,,,,,,
2016-06-26 00:00:00,,,,,,,
2016-06-27 00:00:00,,,,,,,
2016-06-28 00:00:00,,,,,,,
2016-06-29 00:00:00,,,,,,,
2016-06-30 00:00:00,,,,,,,
2016-07-01 00:00:00,,,,,,,
2016-07-02 00:00:00,,,,,,,
2016-07-03 00:00:00,,,,,,,
2016-07-04 00:00:00,,,,,,,
2016-07-05 00:00:00,,,,,,,
2016-07-06 00:00:00,,,,,,,
2016-07-07 00:00:00,,,,,,,
2016-07-08 00:00:00,,,,,,,
2016-07-09 00:00:00,,,,,,,
2016-07-10 00:00:00,,,,,,,
2016-07-11 00:00:00,,,,,,,
2016-07-12 00:00:00,,,,,,,
2016-07-13 00:00:00,,,,,,,
2016-07-14 00:00:00,,,,,,,
2016-07-15 00:00:00,93.68,40,99,82.9,1281,1.18,
2016-07-16 00:00:00,270.74,63,156,105.54,6096,4.25,
2016-07-17 00:00:00,196.59,64,133,103.78,3539,2.49,
2016-07-18 00:00:00,436.06,63,151,111.8,6268,4.19,
2016-07-19 00:00:00,145.05,61,109,85.58,3877,2.6,
2016-07-20 00:00:00,522.45,68,133,98.52,10526,7.67,
2016-07-21 00:00:00,70.8,65,116,91.55,2871,1.81,
2016-07-22 00:00:00,40.33,71,101,86.08,1330,0.832,
2016-07-23 00:00:00,762.78,73,170,117.34,9400,6.79,
2016-07-24 00:00:00,212.52,65,131,98.51,4003,2.46,
2016-07-25 00:00:00,209.35,65,150,92.92,6507,3.99,
2016-07-26 00:00:00,566.43,57,153,106.74,13859,8.88,
2016-07-27 00:00:00,259.33,57,107,85.63,8658,5.45,
2016-07-28 00:00:00,323.54,66,203,94.96,6172,4.27,
2016-07-29 00:00:00,160.7,64,106,86.61,4727,3.02,
2016-07-30 00:00:00,312.29,55,143,102.08,7149,4.74,
2016-07-31 00:00:00,449.01,43,161,105.07,9104,5.89,
2016-08-01 00:00:00,326.12,59,131,92.93,6203,3.94,
2016-08-02 00:00:00,280.86,65,142,101.5,6556,4.26,
2016-08-03 00:00:00,650.18,69,189,116.33,4023,2.99,
2016-08-04 00:00:00,75.17,59,106,82.83,1938,1.24,
2016-08-05 00:00:00,300.75,68,105,87.12,9623,6.29,
2016-08-06 00:00:00,343.74,66,135,103.66,3341,2.26,
2016-08-07 00:00:00,32.83,61,112,85.16,764.38,0.534,
2016-08-08 00:00:00,87.79,67,104,83.14,2284,1.6,
2016-08-09 00:00:00,849.71,65,215,119.59,11850,8.53,
2016-08-10 00:00:00,753.27,61,176,112.63,9560,7.02,
2016-08-11 00:00:00,371.21,61,138,94.51,8505,5.25,
2016-08-12 00:00:00,574.38,71,116,92.35,12018,8.04,
2016-08-13 00:00:00,451.78,50,153,105.61,5031,3.34,
2016-08-14 00:00:00,529.49,50,150,98.25,9963,6.11,
2016-08-15 00:00:00,708.81,42,175,90.9,12539,7.91,
2016-08-16 00:00:00,30.91,78,115,90.93,1168,0.715,
2016-08-17 00:00:00,27.96,62,106,80.96,1006,0.658,
2016-08-18 00:00:00,615.78,59,149,99.57,12022,7.86,
2016-08-19 00:00:00,196.62,71,112,85.8,7731,4.82,
2016-08-20 00:00:00,848.38,50,156,88.38,7489,4.74,
2016-08-21 00:00:00,520.77,61,167,96.1,8231,5.22,
2016-08-22 00:00:00,193.68,71,150,102.19,4217,2.8,
2016-08-23 00:00:00,245.38,67,103,81.74,4314,3.01,
2016-08-24 00:00:00,1067,59,170,108.46,4900,3.3,
2016-08-25 00:00:00,222.36,56,121,84.74,7457,4.94,
2016-08-26 00:00:00,321.83,58,138,91.65,6986,4.6,
2016-08-27 00:00:00,76.04,93,93,93,2562,1.69,
2016-08-28 00:00:00,662.28,64,135,100.92,7082,4.59,
2016-08-29 00:00:00,842.68,45,141,102.07,11802,7.78,
2016-08-30 00:00:00,159.17,73,107,85.43,4263,2.87,
2016-08-31 00:00:00,89.71,54,104,81.38,1956,1.42,
2016-09-01 00:00:00,659.69,41,201,105.38,12337,8.67,
2016-09-02 00:00:00,663.04,63,130,98.16,9972,6.26,
2016-09-03 00:00:00,453.44,42,155,99.99,7841,5.08,
2016-09-04 00:00:00,146.81,57,127,81.92,3099,2.13,
2016-09-05 00:00:00,52.43,65,99,80.23,1367,0.912,
2016-09-06 00:00:00,151,68,106,84.09,5999,3.87,
2016-09-07 00:00:00,143.34,51,113,85.26,4572,2.99,
2016-09-08 00:00:00,254.48,65,121,87.24,7497,4.95,
2016-09-09 00:00:00,302.52,60,114,87.67,7764,5.24,
2016-09-10 00:00:00,69.24,63,113,81.29,1583,1.07,
2016-09-11 00:00:00,16.58,63,95,78.64,625,0.403,
2016-09-12 00:00:00,316.41,65,121,89.45,8472,5.6,
2016-09-13 00:00:00,334.87,63,117,88.53,8186,5.49,
2016-09-14 00:00:00,429.6,60,175,109.55,10435,7.07,
2016-09-15 00:00:00,890.8,61,161,112.87,9822,6.58,
2016-09-16 00:00:00,553.98,58,147,92.59,11998,8.02,
2016-09-17 00:00:00,209.25,57,102,79.95,3172,2.13,
2016-09-18 00:00:00,64.79,50,103,79.72,957.66,0.603,
2016-09-19 00:00:00,537.36,62,127,89.98,12926,8.38,
2016-09-20 00:00:00,473.28,60,104,84.26,11303,7.43,
2016-09-21 00:00:00,433.14,56,124,86.67,10766,7.04,
2016-09-22 00:00:00,489.16,60,107,86.32,11350,7.36,
2016-09-23 00:00:00,422.59,60,131,86,8892,5.8,
2016-09-24 00:00:00,82.62,63,141,83.24,1416,0.95,
2016-09-25 00:00:00,281.72,65,104,82.92,8555,5.52,
2016-09-26 00:00:00,484.94,60,139,88.69,11109,7.27,
2016-09-27 00:00:00,607.31,65,121,85.73,13273,8.65,
2016-09-28 00:00:00,381.38,61,116,84.02,9161,5.95,
2016-09-29 00:00:00,477.23,57,104,83.12,11217,7.35,
2016-09-30 00:00:00,972.16,65,157,86.46,16225,11.53,
2016-10-01 00:00:00,155.93,64,122,80.66,2505,1.71,
2016-10-02 00:00:00,119.06,56,102,80.93,2868,1.77,
2016-10-03 00:00:00,406.15,60,121,90.76,9717,6.38,
2016-10-04 00:00:00,471.46,64,113,86.78,10167,6.79,
2016-10-05 00:00:00,463.55,60,129,82.6,11969,7.77,
2016-10-06 00:00:00,514.61,60,161,85.34,11191,7.52,
2016-10-07 00:00:00,650.88,59,139,93.69,14528,9.6,
2016-10-08 00:00:00,140.42,55,97,79.71,2307,1.53,
2016-10-09 00:00:00,345.69,63,99,81.86,4765,3.24,
2016-10-10 00:00:00,443.96,58,113,81.04,10380,6.77,
2016-10-11 00:00:00,466.75,58,113,78.84,11606,7.55,
2016-10-12 00:00:00,481.96,59,104,76.45,11924,7.65,
2016-10-13 00:00:00,435.97,66,121,83.97,10803,6.93,
2016-10-14 00:00:00,1038,54,112,82.14,16915,12.29,
2016-10-15 00:00:00,292.75,62,107,80.78,7383,4.78,
2016-10-16 00:00:00,133.65,57,118,80.07,2726,1.77,
2016-10-17 00:00:00,428.41,53,106,82.15,10059,6.63,
2016-10-18 00:00:00,515.47,60,112,82.47,11452,7.53,
2016-10-19 00:00:00,605.83,65,106,83.59,12603,8.34,
2016-10-20 00:00:00,295.09,61,107,81.18,8354,5.26,
2016-10-21 00:00:00,333.47,61,103,82.02,8838,5.74,
2016-10-22 00:00:00,112.21,56,113,81.71,2734,1.8,
2016-10-23 00:00:00,771.85,60,162,102.46,9548,6.18,
2016-10-24 00:00:00,362.31,58,113,81.8,12674,7.81,
2016-10-25 00:00:00,608.52,66,144,99.69,14123,9.07,
2016-10-26 00:00:00,100.43,57,101,78.9,2708,1.67,
2016-10-27 00:00:00,524.31,56,107,81.9,12966,8.25,
2016-10-28 00:00:00,174.64,61,118,87.51,4692,2.98,
2016-10-29 00:00:00,219.13,67,103,81.43,4034,2.61,
2016-10-30 00:00:00,424.76,61,97,81.47,5060,3.56,
2016-10-31 00:00:00,652.26,61,179,97.95,11615,7.53,
2016-11-01 00:00:00,551.41,58,119,86.87,12263,8.01,
2016-11-02 00:00:00,608.95,57,131,85.27,13628,8.76,
2016-11-03 00:00:00,532.74,60,160,90.51,12277,7.96,
2016-11-04 00:00:00,955.8,60,118,86.22,16926,11.95,
2016-11-05 00:00:00,571.58,52,175,92.32,9762,6.31,
2016-11-06 00:00:00,170.4,61,111,81.55,2944,1.87,
2016-11-07 00:00:00,464.84,62,115,83.3,11866,7.54,
2016-11-08 00:00:00,467,61.45,137,91.39,12463,7.85,
2016-11-09 00:00:00,500.55,60,102,80.68,12980,8.17,
2016-11-10 00:00:00,550.19,58,121,84.61,12809,8.14,
2016-11-11 00:00:00,895.47,62,115,84.84,17247,12.09,
2016-11-12 00:00:00,175.92,59,106,82.35,2226,1.46,
2016-11-13 00:00:00,202.46,58,135,81.36,3258,2.07,
2016-11-14 00:00:00,477.72,56,135,81.74,12836,8.16,
2016-11-15 00:00:00,473.78,60,119,87.3,11671,7.52,
2016-11-16 00:00:00,468.97,61,112,83.78,11581,7.33,
2016-11-17 00:00:00,484.71,65,152,89.86,10451,6.9,
2016-11-18 00:00:00,957.01,54,121,82.84,17992,12.45,
2016-11-19 00:00:00,91.19,66,103,82.2,1810,1.11,
2016-11-20 00:00:00,351.89,55,106,81.9,5749,3.88,
2016-11-21 00:00:00,89.11,59,104,83.72,1812,1.15,
2016-11-22 00:00:00,108.1,58,115,85.15,2186,1.41,
2016-11-23 00:00:00,286.18,52,113,83.26,6697,4.26,
2016-11-24 00:00:00,475.39,58,115,84.09,12198,7.78,
2016-11-25 00:00:00,510.1,63,116,84.66,11075,7.14,
2016-11-26 00:00:00,153.57,50,106,82.27,3415,2.16,
2016-11-27 00:00:00,584.71,64,113,80.96,7966,5.45,
2016-11-28 00:00:00,419.54,58,116,83.53,9988,6.51,
2016-11-29 00:00:00,381.31,57,116,85.09,9279,6,
2016-11-30 00:00:00,477.37,58,113,83.02,12559,7.94,
2016-12-01 00:00:00,403.81,51,113,85.51,9226,6.05,
2016-12-02 00:00:00,744.79,62,116,88.09,13781,9.51,
2016-12-03 00:00:00,82.14,56,100,82.46,1527,0.967,
2016-12-04 00:00:00,235.86,60,107,83.57,4247,2.86,
2016-12-05 00:00:00,646.83,63,114,84.11,12531,8.35,
2016-12-06 00:00:00,426.33,55,104,84.93,11201,7.11,
2016-12-07 00:00:00,550.3,56,184,84.6,13470,8.6,
2016-12-08 00:00:00,848.8,47,139,91.47,8052,5.19,
2016-12-09 00:00:00,910.07,63,121,89.19,17164,12.13,
2016-12-10 00:00:00,89.51,61,117,86.76,3614,2.2,
2016-12-11 00:00:00,202.3,55,102,77.71,5605,3.58,
2016-12-12 00:00:00,483.75,59,106,79.68,13106,8.25,
2016-12-13 00:00:00,437.85,56,111,82.45,10181,6.54,
2016-12-14 00:00:00,665.51,61,121,87.81,15192,9.89,
2016-12-15 00:00:00,775.84,55,156,96.33,15327,10,
2016-12-16 00:00:00,661.17,56,150,93.32,13854,8.85,
2016-12-17 00:00:00,477.39,63,122,85.32,7553,4.84,
2016-12-18 00:00:00,226.52,61,118,83.39,2493,1.62,
2016-12-19 00:00:00,535.18,54,127,87.41,5009,3.1,
2016-12-20 00:00:00,86.77,64,104,85.06,1367,0.898,
2016-12-21 00:00:00,149.54,60,107,82.6,3330,2.04,
2016-12-22 00:00:00,202.51,64,112,82.28,4629,2.97,
2016-12-23 00:00:00,164.39,64,115,82.13,3719,2.45,
2016-12-24 00:00:00,78.26,56,116,87.97,2251,1.44,
2016-12-25 00:00:00,230.88,52,121,81.13,4254,2.84,
2016-12-26 00:00:00,165.6,59,109,82.51,3630,2.39,
2016-12-27 00:00:00,92.11,65,106,80.46,2410,1.55,
2016-12-28 00:00:00,441.36,61,129,86.53,7867,5.18,
2016-12-29 00:00:00,407.09,56,132,88.13,8288,5.17,
2016-12-30 00:00:00,138.85,68,100,83.26,2795,1.83,
2016-12-31 00:00:00,328.53,64,103,85.38,4989,3.35,
2017-01-01 00:00:00,231.44,58,112,85.97,2972,2,
2017-01-02 00:00:00,119.79,60,121,87.66,2502,1.57,
2017-01-03 00:00:00,420.78,61,114,86.12,8857,5.69,
2017-01-04 00:00:00,272.52,68,116,87.42,4874,3.26,
2017-01-05 00:00:00,269.22,68,121,86.6,5547,3.78,
2017-01-06 00:00:00,1483,68,106,84.56,3689,2.86,
2017-01-07 00:00:00,115.35,65,116,84.12,1761,1.14,
2017-01-08 00:00:00,200.8,61,121,82.93,3765,2.42,
2017-01-09 00:00:00,,,,,638,0.326,
2017-01-10 00:00:00,526.49,62,122,86.09,11065,7.06,
2017-01-11 00:00:00,534.18,59,112,82.53,13198,8.45,
2017-01-12 00:00:00,400.45,58,113,84.33,9916,6.28,
2017-01-13 00:00:00,586.11,56,121,83.9,10973,7.09,
2017-01-14 00:00:00,344.3,60,102,86.78,2016,1.38,
2017-01-15 00:00:00,220.69,64,102,77.3,1051,0.497,
2017-01-16 00:00:00,,,,,3618,1.69,
2017-01-17 00:00:00,467.18,57,109,86.23,10429,7.15,
2017-01-18 00:00:00,677.98,37,113,82.18,11178,7.39,
2017-01-19 00:00:00,409.58,42,117,85,9597,6.17,
2017-01-20 00:00:00,856.67,58,107,83.15,15519,10.48,
2017-01-21 00:00:00,809.05,51,166,87.24,6958,4.96,
2017-01-22 00:00:00,219.63,57,129,83.48,5259,3.43,
2017-01-23 00:00:00,497.06,61,113,82.46,10798,7,
2017-01-24 00:00:00,,,,,10440,6,
2017-01-25 00:00:00,435.77,42,113,85.05,8525,5.44,
2017-01-26 00:00:00,521.28,65,104,85.46,9103,5.98,
2017-01-27 00:00:00,668.16,57,121,86.15,16253,11.06,
2017-01-28 00:00:00,122.63,61,118,86.98,2426,1.56,
2017-01-29 00:00:00,405.33,57,116,92.21,3014,2.03,
2017-01-30 00:00:00,648.64,61,116,84.36,10568,7.01,
2017-01-31 00:00:00,436.4,57,114,83.63,9311,6.01,
2017-02-01 00:00:00,1113,56,116,83.84,12435,8.76,
2017-02-02 00:00:00,526.25,56,121,82.48,8613,5.46,
2017-02-03 00:00:00,848.09,66,121,93.08,15916,10.81,
2017-02-04 00:00:00,383.43,59,114,82.2,2420,1.68,
2017-02-05 00:00:00,607.92,59,121,82.53,8065,5.46,
2017-02-06 00:00:00,572.77,60,115,85.19,13368,8.61,
2017-02-07 00:00:00,350.59,51,119,84.29,8520,5.42,
2017-02-08 00:00:00,191.88,51,121,87.82,9827,5.48,
2017-02-09 00:00:00,411.04,57,113,85.72,9360,5.98,
2017-02-10 00:00:00,648.84,57,113,87.14,13216,8.61,
2017-02-11 00:00:00,,,,,21,0.015,
2017-02-12 00:00:00,592.41,59,122,85.54,6574,4.8,
2017-02-13 00:00:00,417.87,65,139,100.64,8297,5.05,
2017-02-14 00:00:00,587.58,65,139,86.48,3248,2.19,
2017-02-15 00:00:00,0.54,,,,2980,1.49,
2017-02-16 00:00:00,477.43,59,103,78.52,13985,8.9,
2017-02-17 00:00:00,1325,67,184,102.38,5860,3.94,
2017-02-18 00:00:00,,,,,1113,0.487,
2017-02-19 00:00:00,330.95,64,130,91.84,4360,2.94,
2017-02-20 00:00:00,514,61,114,87.74,10218,7.15,
2017-02-21 00:00:00,509.18,59,116,87.39,11134,7.36,
2017-02-22 00:00:00,670.97,62,115,86.23,12707,8.43,
2017-02-23 00:00:00,493.49,59,129,87.89,11370,7.51,
2017-02-24 00:00:00,775.32,56,113,88.75,14119,9.75,
2017-02-25 00:00:00,128.61,63,105,82.84,4747,2.98,
2017-02-26 00:00:00,231.35,58,121,88.9,2193,1.5,
2017-02-27 00:00:00,385.05,65,121,86.27,10187,6.55,
2017-02-28 00:00:00,707.79,61,114,87.33,8964,6.1,
2017-03-01 00:00:00,568.15,60,121,88.17,14193,9.29,
2017-03-02 00:00:00,520.71,52,100,81.88,10760,7.14,
2017-03-03 00:00:00,791.59,60,117,87.37,13812,9.51,
2017-03-04 00:00:00,538.22,53,178,93.76,9452,6.58,
2017-03-05 00:00:00,132.06,59,103,81.4,2218,1.4,
2017-03-06 00:00:00,682.76,64,122,90.22,14130,9.2,
2017-03-07 00:00:00,64.68,57,105,82.91,2119,1.3,
2017-03-08 00:00:00,471.79,58,107,87.63,10079,6.69,
2017-03-09 00:00:00,726.85,59,112,84.26,10809,7.4,
2017-03-10 00:00:00,731.8,60,121,89.88,14251,9.71,
2017-03-11 00:00:00,86.37,61,117,83.89,1960,1.28,
2017-03-12 00:00:00,122.5,58,114,82.71,1844,1.24,
2017-03-13 00:00:00,400.6,61,106,86.63,9233,5.9,
2017-03-14 00:00:00,358.43,65,113,88.99,7993,5.15,
2017-03-15 00:00:00,437.33,53,117,91.83,11343,7.23,
2017-03-16 00:00:00,454.86,63,109,89.8,9823,6.44,
2017-03-17 00:00:00,686.35,56,121,89.55,12038,8.35,
2017-03-18 00:00:00,219.45,71,129,86.35,2604,1.72,
2017-03-19 00:00:00,235.45,58,117,85.72,4574,3.08,
2017-03-20 00:00:00,524.5,67,117,87.36,10207,6.9,
2017-03-21 00:00:00,823.06,66,115,83.82,16487,11.01,
2017-03-22 00:00:00,502.12,58,116,87.24,12404,7.96,
2017-03-23 00:00:00,453.92,60,119,85.27,10859,7.03,
2017-03-24 00:00:00,743.73,58,121,88.46,13696,9.45,
2017-03-25 00:00:00,469.14,64,121,89.69,9753,6.37,
2017-03-26 00:00:00,133.06,58,103,82.69,2491,1.61,
2017-03-27 00:00:00,676.54,64,117,86.05,13174,8.75,
2017-03-28 00:00:00,399.48,73,119,89.62,9663,6.25,
2017-03-29 00:00:00,707.88,60,121,88.65,14327,9.51,
2017-03-30 00:00:00,607.45,65,115,90.19,16754,10.81,
2017-03-31 00:00:00,392.17,67,116,91.47,9003,5.86,
2017-04-01 00:00:00,71.64,65,114,89.18,1962,1.28,
2017-04-02 00:00:00,380.99,58,117,82.98,3856,2.56,
2017-04-03 00:00:00,75.78,58,119,79.68,1882,1.21,
2017-04-04 00:00:00,533.9,60,105,82.05,8115,5.46,
2017-04-05 00:00:00,687.16,63,128,89.73,5120,3.42,
2017-04-06 00:00:00,1547,62,179,121.46,8517,5.76,
2017-04-07 00:00:00,241.14,65,111,89.22,2498,1.59,
2017-04-08 00:00:00,264.23,64,113,85.48,7572,4.98,
2017-04-09 00:00:00,120.05,60,97,80.7,1310,0.807,
2017-04-10 00:00:00,481.46,65,106,87.37,7422,4.86,
2017-04-11 00:00:00,225.33,58,106,77.75,6907,4.44,
2017-04-12 00:00:00,286.13,61,103,78.03,6874,4.55,
2017-04-13 00:00:00,307.56,61,100,80.42,9087,5.97,
2017-04-14 00:00:00,596.68,62,98,79.31,2697,1.33,
2017-04-15 00:00:00,266.2,56,102,80.59,7148,4.68,
2017-04-16 00:00:00,,,,,1349,0.528,
2017-04-17 00:00:00,,,,,6390,3.32,
2017-04-18 00:00:00,,,,,3217,1.46,
2017-04-19 00:00:00,,,,,1501,0.818,
2017-04-20 00:00:00,978.19,,,,3629,2.33,
2017-04-21 00:00:00,784.41,61,149,104.08,12771,8.54,
2017-04-22 00:00:00,819.72,,,,3233,1.28,
2017-04-23 00:00:00,1198,,,,661,0.324,
2017-04-24 00:00:00,2.62,,,,3138,1.61,
2017-04-25 00:00:00,564.66,61,109,87.28,10223,6.84,
2017-04-26 00:00:00,488.44,63,114,84.86,10590,7.22,
2017-04-27 00:00:00,490.51,63,104,83.21,13040,8.28,
2017-04-28 00:00:00,659.13,67,113,89.7,12517,8.66,
2017-04-29 00:00:00,231.02,61,121,81.66,6535,4.28,
2017-04-30 00:00:00,270.4,65,98,81.81,1394,0.817,
2017-05-01 00:00:00,606.96,,,,2004,1.37,
2017-05-02 00:00:00,500.53,49,138,87.16,10074,6.86,
2017-05-03 00:00:00,554.18,65,113,88.21,10693,7.04,
2017-05-04 00:00:00,410.25,59,110,83.61,10541,6.76,
2017-05-05 00:00:00,636.08,68,119,88.32,9540,6.68,
2017-05-06 00:00:00,173.33,58,109,81.1,4893,3.03,
2017-05-07 00:00:00,390.31,65,100,82.29,4935,3.3,
2017-05-08 00:00:00,491.32,59,115,84.99,10412,7.03,
2017-05-09 00:00:00,367.54,63,121,86.05,9736,6.25,
2017-05-10 00:00:00,488.96,64,114,89.46,11656,7.45,
2017-05-11 00:00:00,423.37,62,121,88.77,11483,7.09,
2017-05-12 00:00:00,722.67,61,112,89.25,16491,10.99,
2017-05-13 00:00:00,262.54,58,104,79.48,5191,3.36,
2017-05-14 00:00:00,246.28,62,115,84.55,6089,4.1,
2017-05-15 00:00:00,463.24,61,116,87.58,10136,6.72,
2017-05-16 00:00:00,367.13,68,177,96.72,9201,5.97,
2017-05-17 00:00:00,396.2,63,121,90.48,9408,6.12,
2017-05-18 00:00:00,689.08,63,106,90.07,11522,7.85,
2017-05-19 00:00:00,561.57,50,104,81.6,7984,5.55,
2017-05-20 00:00:00,75.32,62,113,83.44,3108,1.99,
2017-05-21 00:00:00,1143,60,98,77.77,3697,2.8,
2017-05-22 00:00:00,1155,59,138,88.01,10518,7.61,
2017-05-23 00:00:00,419.58,65,114,91.17,10687,6.83,
2017-05-24 00:00:00,479.21,56,121,88.93,11688,7.61,
2017-05-25 00:00:00,470.82,60,116,89.29,13886,8.81,
2017-05-26 00:00:00,345.69,55,106,85.67,8883,5.73,
2017-05-27 00:00:00,205.25,66,115,87.99,4361,2.96,
2017-05-28 00:00:00,154.2,59,106,81.73,3035,1.99,
2017-05-29 00:00:00,306.52,58,115,81.83,4708,3.09,
2017-05-30 00:00:00,140.6,56,94,75.28,3715,2.42,
2017-05-31 00:00:00,212.89,58,131,78.42,4694,3.04,
2017-06-01 00:00:00,143.24,66,113,82.52,3242,2.16,
2017-06-02 00:00:00,265.71,69,104,86.52,7137,4.7,
2017-06-03 00:00:00,71,58,113,81.65,1452,0.982,
2017-06-04 00:00:00,1033,56,189,95.62,16434,11.77,
2017-06-05 00:00:00,607.74,65,115,90.59,12205,8.07,
2017-06-06 00:00:00,402.74,69,130,87.91,9414,5.98,
2017-06-07 00:00:00,491.01,63,116,84.7,12232,7.78,
2017-06-08 00:00:00,554.05,60,144,93.44,10788,6.92,
2017-06-09 00:00:00,861.55,61,113,88.06,15848,10.95,
2017-06-10 00:00:00,97.19,56,113,81.95,3158,2.1,
2017-06-11 00:00:00,118.84,58,113,86.68,1939,1.29,
2017-06-12 00:00:00,333.41,59,114,85.18,7817,4.95,
2017-06-13 00:00:00,358.7,54,112,84.34,8732,5.54,
2017-06-14 00:00:00,314.06,58,117,84.81,5438,3.59,
2017-06-15 00:00:00,500.77,65,107,84.89,12661,8.08,
2017-06-16 00:00:00,525.24,62,113,80.24,11894,7.83,
2017-06-17 00:00:00,9.93,88,88,88,280,0.184,
2017-06-18 00:00:00,245.52,62,130,89.55,4928,3.28,
2017-06-19 00:00:00,543.63,58,122,91.11,11033,7.24,
2017-06-20 00:00:00,472.39,61,113,89.19,9216,6.07,
2017-06-21 00:00:00,475.24,58,122,89.65,10978,7.06,
2017-06-22 00:00:00,389.04,60,115,83.46,11773,7.51,
2017-06-23 00:00:00,1318,45,124,94.49,33094,21.62,
2017-06-24 00:00:00,,,,,511,0.251,
2017-06-25 00:00:00,140.04,61,121,83.4,2879,1.9,
2017-06-26 00:00:00,486.71,60,107,85.77,11583,7.6,
2017-06-27 00:00:00,498.98,61,132,87.94,11046,7.17,
2017-06-28 00:00:00,518.64,58,113,89.21,9482,6.15,
2017-06-29 00:00:00,426.81,58,106,85,9042,5.74,
2017-06-30 00:00:00,690.39,59,113,87.25,11516,7.99,
2017-07-01 00:00:00,240.32,61,106,78.17,4514,2.95,
2017-07-02 00:00:00,249.37,55,109,77.37,4370,2.9,
2017-07-03 00:00:00,982.94,61,132,90.84,18703,13.07,
2017-07-04 00:00:00,538.89,57,116,89.36,11110,7.43,
2017-07-05 00:00:00,525.61,67,117,88.62,10095,6.68,
2017-07-06 00:00:00,580.5,67,122,89.54,12346,8.14,
2017-07-07 00:00:00,700.12,65,121,86.1,14861,9.64,
2017-07-08 00:00:00,535.8,67,123,86.47,7282,4.96,
2017-07-09 00:00:00,105.09,59,128,83.84,2868,1.79,
2017-07-10 00:00:00,463.22,64,121,85.51,11526,7.52,
2017-07-11 00:00:00,102.84,56,112,80.29,1807,1.23,
2017-07-12 00:00:00,451.53,63,114,81.84,7388,4.97,
2017-07-13 00:00:00,290.27,62,107,83.18,6829,4.5,
2017-07-14 00:00:00,257.99,60,113,80.93,7307,4.54,
2017-07-15 00:00:00,200.95,61,109,75.93,7254,4.53,
2017-07-16 00:00:00,228.3,55,112,78.68,5710,3.66,
2017-07-17 00:00:00,683.31,67,107,85.48,11654,7.72,
2017-07-18 00:00:00,99.97,59,115,83.64,3781,2.33,
2017-07-19 00:00:00,162.99,61,117,84.36,4598,2.89,
2017-07-20 00:00:00,333.28,65,107,81.11,7989,5.13,
2017-07-21 00:00:00,397.36,61,124,77.99,10404,6.79,
2017-07-22 00:00:00,322.52,57,103,75.04,6954,4.54,
2017-07-23 00:00:00,292.75,57,126,72.34,3429,2.31,
2017-07-24 00:00:00,322.03,58,116,73.25,7823,4.98,
2017-07-25 00:00:00,590.53,58,138,77.23,14192,8.95,
2017-07-26 00:00:00,405.54,58,129,75.84,7711,5.16,
2017-07-27 00:00:00,99.51,59,125,72.49,2620,1.65,
2017-07-28 00:00:00,295.87,57,102,74.05,8756,5.62,
2017-07-29 00:00:00,182.31,50,104,73.35,4528,2.93,
2017-07-30 00:00:00,783.06,55,99,74.63,9271,6.8,
2017-07-31 00:00:00,397.67,58,136,78.86,8422,5.84,
2017-08-01 00:00:00,355.45,57,107,82.52,11057,7.03,
2017-08-02 00:00:00,136.99,58,105,78.43,2538,1.64,
2017-08-03 00:00:00,139.72,55,116,74.96,2639,1.73,
2017-08-04 00:00:00,298.33,56,117,76.06,7441,4.67,
2017-08-05 00:00:00,134.71,65,121,96.09,4811,3.06,
2017-08-06 00:00:00,53.21,75,129,100.21,1827,1.16,
2017-08-07 00:00:00,59.18,67,129,106.06,1769,1.12,
2017-08-08 00:00:00,671.6,65,134,104.55,4073,2.58,
2017-08-09 00:00:00,294.06,67,135,96.29,6063,3.95,
2017-08-10 00:00:00,690.82,58,125,90.4,13657,8.62,
2017-08-11 00:00:00,763.23,56,151,98.14,10079,6.6,
2017-08-12 00:00:00,169.86,64,115,82.15,3329,2.06,
2017-08-13 00:00:00,82.53,61,103,84.79,2313,1.48,
2017-08-14 00:00:00,247.94,61,103,81.34,6528,4.12,
2017-08-15 00:00:00,119.96,61,100,79.47,4144,2.56,
2017-08-16 00:00:00,306.19,65,116,85.08,8125,5.32,
2017-08-17 00:00:00,170.23,60,114,87.4,4926,3.14,
2017-08-18 00:00:00,237.21,57,103,79.7,6792,4.38,
2017-08-19 00:00:00,231.05,56,106,83.3,7485,4.8,
2017-08-20 00:00:00,100.02,63,104,76.64,2948,1.89,
2017-08-21 00:00:00,96.06,63,102,78.59,2597,1.69,
2017-08-22 00:00:00,177.45,65,99,83.46,4702,3.01,
2017-08-23 00:00:00,389.35,67,115,92.7,10446,6.85,
2017-08-24 00:00:00,414.75,65,116,89.38,5546,3.75,
2017-08-25 00:00:00,607.48,60,102,85.66,13053,8.62,
2017-08-26 00:00:00,1229,52,156,100.34,11280,7.69,
2017-08-27 00:00:00,414.03,65,113,83.58,8815,5.67,
2017-08-28 00:00:00,697.97,66,179,114.14,7098,4.39,
2017-08-29 00:00:00,256.48,61,113,83.42,8219,5.15,
2017-08-30 00:00:00,84.8,60,112,78.98,2235,1.4,
2017-08-31 00:00:00,129.7,62,97,80.49,4212,2.66,
2017-09-01 00:00:00,132,58,99,79.25,3247,2.13,
2017-09-02 00:00:00,401.69,62,119,84.12,8734,5.91,
2017-09-03 00:00:00,27.8,58,106,80.43,678,0.443,
2017-09-04 00:00:00,65.66,56,114,82.63,2308,1.47,
2017-09-05 00:00:00,182.69,65,112,87.85,5952,3.76,
2017-09-06 00:00:00,430.76,61,112,87.37,11353,7.25,
2017-09-07 00:00:00,406.13,54,113,89.07,10277,6.63,
2017-09-08 00:00:00,379.48,53,119,87.33,9685,6.21,
2017-09-09 00:00:00,102.2,65,106,81.24,1927,1.23,
2017-09-10 00:00:00,54.63,60,103,78.05,1609,1.01,
2017-09-11 00:00:00,503.21,61,133,83.19,11362,7.26,
2017-09-12 00:00:00,461,51,117,85.08,10328,6.62,
2017-09-13 00:00:00,499.69,60,128,85.57,10598,6.98,
2017-09-14 00:00:00,619.89,58,194,86.33,12973,8.87,
2017-09-15 00:00:00,1095,62,125,82.85,19427,13.81,
2017-09-16 00:00:00,81.05,55,99,77.08,2298,1.46,
2017-09-17 00:00:00,251.13,60,113,81.13,8853,5.46,
2017-09-18 00:00:00,425.62,68,116,82.47,11350,7.24,
2017-09-19 00:00:00,340.23,49,103,82.54,9205,5.81,
2017-09-20 00:00:00,501.25,60,119,85.79,11025,6.95,
2017-09-21 00:00:00,488.42,64,107,86.64,12299,7.69,
2017-09-22 00:00:00,723.17,61,115,78.86,12318,8.23,
2017-09-23 00:00:00,60.17,57,121,71.07,1533,1.01,
2017-09-24 00:00:00,253.38,60,100,83.25,7227,4.49,
2017-09-25 00:00:00,464.23,61,106,81.16,10496,6.5,
2017-09-26 00:00:00,400.64,62,118,82.4,9691,5.97,
2017-09-27 00:00:00,485.57,55,115,82.8,11592,7.18,
2017-09-28 00:00:00,842.77,56,127,86.98,15811,10.26,
2017-09-29 00:00:00,483.29,56,116,83.94,12246,7.7,
2017-09-30 00:00:00,379.47,56,116,86.22,11128,6.96,
2017-10-01 00:00:00,591.4,57,103,79.81,12501,8.09,
2017-10-02 00:00:00,186.25,61,107,81.37,5190,3.26,
2017-10-03 00:00:00,326.81,54,104,83.1,8471,5.28,
2017-10-04 00:00:00,340.6,56,114,81.55,8969,5.61,
2017-10-05 00:00:00,425.55,55,115,85.72,9702,6.13,
2017-10-06 00:00:00,376.02,61,132,81.96,9152,5.78,
2017-10-07 00:00:00,103.4,57,106,76.27,3773,2.36,
2017-10-08 00:00:00,12.39,60,106,74.45,513,0.317,
2017-10-09 00:00:00,377.5,58,113,82.44,10114,6.29,
2017-10-10 00:00:00,315.59,56,121,83.58,9071,5.62,
2017-10-11 00:00:00,380.43,59,107,88.23,7809,5.07,
2017-10-12 00:00:00,410.91,58,116,88.09,11049,6.86,
2017-10-13 00:00:00,694.55,65,120,83,13096,9.37,
2017-10-14 00:00:00,157.34,61,113,77.04,5941,3.57,
2017-10-15 00:00:00,154.71,54,116,84.56,2500,1.66,
2017-10-16 00:00:00,773.55,58,124,88.27,9494,6.4,
2017-10-17 00:00:00,844.62,65,106,83.39,10207,6.83,
2017-10-18 00:00:00,767.77,56,126,86.94,8077,5.49,
2017-10-19 00:00:00,333.68,58,102,78.51,3789,2.52,
2017-10-20 00:00:00,462.42,55,107,80.52,6377,4.24,
2017-10-21 00:00:00,487.26,58,106,79.41,4175,2.9,
2017-10-22 00:00:00,46.26,58,94,74.74,331,0.233,
2017-10-23 00:00:00,319.71,56,104,78.29,4098,2.72,
2017-10-24 00:00:00,386.8,61,102,79.87,4416,3,
2017-10-25 00:00:00,224.14,58,121,77,1977,1.32,
2017-10-26 00:00:00,312.24,52,166,83.56,1500,1.04,
2017-10-27 00:00:00,373.9,55,102,80.83,2458,1.68,
2017-10-28 00:00:00,335.01,63,99,79.94,4246,2.75,
2017-10-29 00:00:00,242.45,57,99,80.74,1423,1.02,
2017-10-30 00:00:00,828.95,63,103,82.72,10040,6.75,
2017-10-31 00:00:00,711.65,58,113,85.4,9783,6.53,
2017-11-01 00:00:00,759.76,65,121,89.6,9293,6.29,
2017-11-02 00:00:00,860.29,56,133,89.51,11144,7.6,
2017-11-03 00:00:00,1183,58,115,90.84,12744,9.52,
2017-11-04 00:00:00,983.33,63,131,83.97,5277,3.52,
2017-11-05 00:00:00,635.95,58,113,81.73,7347,4.96,
2017-11-06 00:00:00,818.2,61,113,87.61,11522,7.61,
2017-11-07 00:00:00,625.77,63,113,85.75,9425,6.2,
2017-11-08 00:00:00,697.41,57,111,87.16,9528,6.34,
2017-11-09 00:00:00,767.27,49,126,87.2,10578,7.1,
2017-11-10 00:00:00,971.94,62,116,88.53,11912,8.59,
2017-11-11 00:00:00,101.22,62,103,79.98,688.35,0.468,
2017-11-12 00:00:00,291.26,61,103,79.39,3197,2.16,
2017-11-13 00:00:00,668.28,60,110,83.38,9123,6.03,
2017-11-14 00:00:00,576.2,64,125,83.65,7673,5.15,
2017-11-15 00:00:00,713.48,57,124,86.61,9845,6.54,
2017-11-16 00:00:00,722.34,62,131,89.28,8810,6.07,
2017-11-17 00:00:00,799.6,62,121,83.78,9525,7.04,
2017-11-18 00:00:00,349.09,61,99,76.09,3163,2.14,
2017-11-19 00:00:00,613.32,71,106,85.62,8315,5.71,
2017-11-20 00:00:00,833.91,58,119,85.07,11078,7.36,
2017-11-21 00:00:00,645.4,59,119,86.12,9459,6.22,
2017-11-22 00:00:00,542.24,60,115,90.15,7212,4.81,
2017-11-23 00:00:00,830.03,64,109,85.23,9539,6.5,
2017-11-24 00:00:00,546.89,57,112,82.48,7693,5.1,
2017-11-25 00:00:00,296.67,60,129,82.27,4539,3.08,
2017-11-26 00:00:00,469.48,58,113,78.07,4836,3.44,
2017-11-27 00:00:00,709.5,61,114,84.46,10301,6.77,
2017-11-28 00:00:00,665.48,60,121,80.94,9038,5.97,
2017-11-29 00:00:00,527.82,58,112,83.4,6774,4.52,
2017-11-30 00:00:00,745.31,54,128,85.66,9397,6.41,
2017-12-01 00:00:00,1203,58,118,86.51,12581,9.47,
2017-12-02 00:00:00,264.52,65,107,83.73,1928,1.38,
2017-12-03 00:00:00,163,65,113,79.31,1622,1.08,
2017-12-04 00:00:00,684.18,56,115,83.2,10288,6.73,
2017-12-05 00:00:00,667.02,65,161,88.83,10392,6.79,
2017-12-06 00:00:00,657.25,60,100,81.69,9406,6.22,
2017-12-07 00:00:00,707.61,62,101,81.99,9762,6.38,
2017-12-08 00:00:00,1077,61,104,81.62,12592,9.36,
2017-12-09 00:00:00,185.46,58,99,77.25,1081,0.787,
2017-12-10 00:00:00,297.11,63,116,81.19,3187,2.25,
2017-12-11 00:00:00,681.9,50,115,82.91,9913,6.52,
2017-12-12 00:00:00,705,58,102,78.21,7908,5.36,
2017-12-13 00:00:00,652.8,61,129,82.82,8657,5.71,
2017-12-14 00:00:00,1057,56,121,81.2,14205,9.46,
2017-12-15 00:00:00,539.74,61,114,76.63,6204,4.18,
2017-12-16 00:00:00,406.41,59,114,81.61,5282,3.47,
2017-12-17 00:00:00,300.02,59,95,76.3,2517,1.74,
2017-12-18 00:00:00,633.63,58,107,81.04,10713,7.03,
2017-12-19 00:00:00,146.2,61,94,79.08,765,0.543,
2017-12-20 00:00:00,362.27,64,114,83.19,5301,3.52,
2017-12-21 00:00:00,299.56,58,121,80.28,2108,1.55,
2017-12-22 00:00:00,571.87,55,121,85.97,9483,6.15,
2017-12-23 00:00:00,293.5,57,106,78.34,3934,2.54,
2017-12-24 00:00:00,255.12,57,107,81.67,3567,2.43,
2017-12-25 00:00:00,384.81,64,106,82.08,4624,3.08,
2017-12-26 00:00:00,254.03,57,104,79.36,2820,1.93,
2017-12-27 00:00:00,158.68,46,102,76.63,1423,0.985,
2017-12-28 00:00:00,240.4,56,106,78.9,1727,1.22,
2017-12-29 00:00:00,,,,,,,
2017-12-30 00:00:00,969.24,61,169,101.25,6709,4.16,
2017-12-31 00:00:00,165.57,55,107,81.93,1217,0.838,
2018-01-01 00:00:00,108.5,57,105,75.44,738,0.509,
2018-01-02 00:00:00,441.68,58,114,80.83,7384,4.9,
2018-01-03 00:00:00,453.91,58,121,85.85,5889,3.97,
2018-01-04 00:00:00,87.96,60,102,74.54,792,0.5,
2018-01-05 00:00:00,404.6,58,115,80.11,5308,3.47,
2018-01-06 00:00:00,205.63,58,99,79.17,1162,0.822,
2018-01-07 00:00:00,208.8,64,105,80.35,1282,0.907,
2018-01-08 00:00:00,230.39,58,121,85.05,2273,1.52,
2018-01-09 00:00:00,749.12,61,131,87.52,9531,6.42,
2018-01-10 00:00:00,726.23,61,121,85.32,9437,6.42,
2018-01-11 00:00:00,859.87,54,121,80.25,9646,6.62,
2018-01-12 00:00:00,1284,61,121,79.71,14304,10.79,
2018-01-13 00:00:00,736.18,65,121,88.66,11649,7.85,
2018-01-14 00:00:00,361.61,60,103,79.5,5931,3.6,
2018-01-15 00:00:00,698.86,60,116,85.61,11064,7.4,
2018-01-16 00:00:00,658.97,47,121,87.56,10265,6.75,
2018-01-17 00:00:00,707.53,62,113,84.59,11655,7.68,
2018-01-18 00:00:00,746.65,57,114,88.17,10773,7.13,
2018-01-19 00:00:00,1020,62,113,85.38,12108,8.92,
2018-01-20 00:00:00,321.77,66,104,84.45,827,0.61,
2018-01-21 00:00:00,84.43,73,114,88.2,532,0.36,
2018-01-22 00:00:00,682.56,65,119,88.41,8366,5.48,
2018-01-23 00:00:00,495.34,64,112,85.11,7244,4.76,
2018-01-24 00:00:00,691.85,61,124,86.52,11432,7.49,
2018-01-25 00:00:00,815.17,65,121,87.17,10029,6.85,
2018-01-26 00:00:00,1068,64,115,87.55,11067,8.01,
2018-01-27 00:00:00,245.16,60,94,74.9,2969,1.96,
2018-01-28 00:00:00,159.9,65,99,81.91,793,0.567,
2018-01-29 00:00:00,793.16,57,121,86.43,10807,7.21,
2018-01-30 00:00:00,567.07,56,118,84.38,7198,4.82,
2018-01-31 00:00:00,738.82,56,117,87.59,9806,6.5,
2018-02-01 00:00:00,256.19,58,116,74.64,2616,1.72,
2018-02-02 00:00:00,1299,61,134,87.15,12016,9.05,
2018-02-03 00:00:00,153.4,60,106,77.06,429,0.285,
2018-02-04 00:00:00,287.49,61,104,78.9,3958,2.51,
2018-02-05 00:00:00,838.82,59,116,86.97,13263,8.89,
2018-02-06 00:00:00,375.66,62,114,83.61,6379,4.15,
2018-02-07 00:00:00,652.31,60,115,82.23,8384,5.7,
2018-02-08 00:00:00,659.87,62,121,81.38,8197,5.56,
2018-02-09 00:00:00,1271,62,118,89.74,13825,10.21,
2018-02-10 00:00:00,1089,61,114,88.07,9380,6.93,
2018-02-11 00:00:00,289.74,55,99,78.76,2649,1.81,
2018-02-12 00:00:00,381.62,56,129,79.61,4917,3.18,
2018-02-13 00:00:00,289.03,60,113,85.42,3427,2.38,
2018-02-14 00:00:00,245.36,58,104,77.96,2734,1.93,
2018-02-15 00:00:00,872.39,60,134,88.53,9463,7.01,
2018-02-16 00:00:00,151.67,58,99,76.42,1035,0.759,
2018-02-17 00:00:00,294.83,58,98,77.79,3131,1.98,
2018-02-18 00:00:00,141.12,61,100,80.4,1279,0.872,
2018-02-19 00:00:00,880.92,60,136,88.08,9589,6.29,
2018-02-20 00:00:00,730.87,58,127,86.87,9031,6.11,
2018-02-21 00:00:00,685.25,58,119,84,8533,5.83,
2018-02-22 00:00:00,759,57,117,88.18,8803,6.04,
2018-02-23 00:00:00,1077,60,115,85.29,12309,8.81,
2018-02-24 00:00:00,159.13,54,94,76.78,852.8,0.598,
2018-02-25 00:00:00,132.31,57,113,79.23,775.57,0.559,
2018-02-26 00:00:00,655.99,58,119,83.62,8401,5.7,
2018-02-27 00:00:00,1488,47,134,89.77,12800,9.1,
2018-02-28 00:00:00,607.95,63,102,84.13,6683,4.52,
2018-03-01 00:00:00,943.32,59,125,80.82,10555,7.19,
2018-03-02 00:00:00,638.57,58,131,80.82,2291,1.52,
2018-03-03 00:00:00,127.11,69,97,78.98,1354,0.938,
2018-03-04 00:00:00,229.09,58,107,80.43,2782,1.8,
2018-03-05 00:00:00,608.12,61,136,93.12,9206,6.03,
2018-03-06 00:00:00,714.34,50,117,83.12,8805,6.01,
2018-03-07 00:00:00,634.16,59,124,88.32,7360,5.07,
2018-03-08 00:00:00,846.15,58,133,89.42,9029,6.32,
2018-03-09 00:00:00,1104,44,107,86.55,11985,8.86,
2018-03-10 00:00:00,244.53,65,99,80.83,2134,1.45,
2018-03-11 00:00:00,367.84,59,117,81.88,5255,3.48,
2018-03-12 00:00:00,687.74,57,121,89.71,8986,6.05,
2018-03-13 00:00:00,764.91,59,129,89.27,10363,6.97,
2018-03-14 00:00:00,631.74,53,110,85.53,8239,5.6,
2018-03-15 00:00:00,812.03,59,152,90.74,10300,6.99,
2018-03-16 00:00:00,1070,47,129,84.3,11034,8.24,
2018-03-17 00:00:00,327.25,51,100,77.12,2788,1.92,
2018-03-18 00:00:00,186.75,62,116,81.86,1727,1.14,
2018-03-19 00:00:00,498.99,63,141,88.38,6530,4.63,
2018-03-20 00:00:00,594.29,53,106,80.17,8330,5.53,
2018-03-21 00:00:00,820,60,107,84.06,9462,6.51,
2018-03-22 00:00:00,799.55,66,115,85.94,10055,6.89,
2018-03-23 00:00:00,934.12,56,114,85.1,11451,7.94,
2018-03-24 00:00:00,492.7,61,92,74.69,415,0.306,
2018-03-25 00:00:00,927.09,70,121,84.55,14047,9.78,
2018-03-26 00:00:00,240.05,58,107,77.25,1820,1.26,
2018-03-27 00:00:00,201.76,56,124,77.77,1033,0.733,
2018-03-28 00:00:00,423.67,60,117,81.04,6990,4.57,
2018-03-29 00:00:00,90.22,59,95,73.6,751,0.502,
2018-03-30 00:00:00,226.31,61,114,78.76,2589,1.77,
2018-03-31 00:00:00,110.27,61,103,77.7,1055,0.753,
2018-04-01 00:00:00,155.8,56,89,73.4,1143,0.831,
2018-04-02 00:00:00,157.1,57,122,84.68,1131,0.874,
2018-04-03 00:00:00,495.81,51,160,86.78,8001,5.39,
2018-04-04 00:00:00,161.45,55,105,79.26,1017,0.73,
2018-04-05 00:00:00,206,54,112,78.83,1094,0.804,
2018-04-06 00:00:00,199.59,50,107,81.09,2166,1.49,
2018-04-07 00:00:00,600.08,63,122,84.69,7091,5.05,
2018-04-08 00:00:00,308.79,58,102,82.72,5422,3.59,
2018-04-09 00:00:00,235.52,60,114,82.14,2521,1.82,
2018-04-10 00:00:00,2157,65,149,104.67,15265,10.67,
2018-04-11 00:00:00,185,59,105,75.8,1077,0.788,
2018-04-12 00:00:00,830.37,49,188,86.27,4805,3.87,
2018-04-13 00:00:00,207.8,60,105,79.01,3369,2.26,
2018-04-14 00:00:00,789.52,57,114,88.98,6145,4.84,
2018-04-15 00:00:00,183.31,58,114,76.62,1481,1.07,
2018-04-16 00:00:00,112.32,51,99,75.5,1101,0.818,
2018-04-17 00:00:00,633.2,60,107,84.79,8619,6.07,
2018-04-18 00:00:00,662.21,60,121,88.56,8873,6.3,
2018-04-19 00:00:00,1082,52,141,94.75,14845,10.76,
2018-04-20 00:00:00,596.83,58,124,91.36,8633,5.97,
2018-04-21 00:00:00,472.95,57,131,86.4,3242,2.28,
2018-04-22 00:00:00,2644,62,195,110.49,7399,5.24,
2018-04-23 00:00:00,433.79,56,107,80.17,1800,1.33,
2018-04-24 00:00:00,1092,52,123,87.51,9346,6.48,
2018-04-25 00:00:00,831.11,39,113,83.21,6676,4.7,
2018-04-26 00:00:00,1148,67,119,90.72,9809,7.08,
2018-04-27 00:00:00,1514,53,126,87.75,11056,8.36,
2018-04-28 00:00:00,499.59,58,116,77.57,1304,0.956,
2018-04-29 00:00:00,1.3,,,,163,0.091,
2018-04-30 00:00:00,810.09,41,107,83.84,7673,5.32,
2018-05-01 00:00:00,919.24,58,129,89.32,8354,6.03,
2018-05-02 00:00:00,824.63,62,107,83.08,5994,4.35,
2018-05-03 00:00:00,1294,59,129,90.1,11465,8.36,
2018-05-04 00:00:00,438.07,59,104,81.34,2213,1.61,
2018-05-05 00:00:00,1383,58,162,92.17,7856,6.14,
2018-05-06 00:00:00,507.99,58,115,77.85,1918,1.39,
2018-05-07 00:00:00,609.01,53,110,81.79,3263,2.39,
2018-05-08 00:00:00,893.77,62,121,92.73,7946,5.61,
2018-05-09 00:00:00,1049,57,113,88.96,8106,5.8,
2018-05-10 00:00:00,820.24,54,107,83.54,7426,5.14,
2018-05-11 00:00:00,1686,60,148,88.91,13088,9.9,
2018-05-12 00:00:00,54.02,60,88,73.11,1589,1.01,
2018-05-13 00:00:00,410.83,56,103,75.56,3118,2.13,
2018-05-14 00:00:00,516.86,54,99,70.64,5311,3.53,
2018-05-15 00:00:00,1199,56,129,87.35,9379,6.66,
2018-05-16 00:00:00,1459,57,152,90.94,10267,7.6,
2018-05-17 00:00:00,930.8,58,104,80.43,11842,8.13,
2018-05-18 00:00:00,1434,59,127,92.94,11805,8.9,
2018-05-19 00:00:00,517.35,52,103,77.07,1970,1.46,
2018-05-20 00:00:00,601.2,56,113,74.65,4067,2.91,
2018-05-21 00:00:00,992.49,58,129,91.38,8176,5.93,
2018-05-22 00:00:00,1753,67,168,100.78,9298,7.02,
2018-05-23 00:00:00,1252,63,139,87.95,11023,7.8,
2018-05-24 00:00:00,1152,56,133,88.9,8760,6.51,
2018-05-25 00:00:00,1445,60,130,89.36,11937,9.06,
2018-05-26 00:00:00,843.8,65,104,82.49,9812,6.76,
2018-05-27 00:00:00,925.7,55,122,82.38,5683,3.79,
2018-05-28 00:00:00,634.94,57,104,81.17,4408,3.14,
2018-05-29 00:00:00,473.96,50,105,71.79,2171,1.58,
2018-05-30 00:00:00,470.72,39,150,83.14,2543,2.13,
2018-05-31 00:00:00,476.21,61,129,82.64,1545,1.15,
2018-06-01 00:00:00,1951,61,188,114.97,8765,6.12,
2018-06-02 00:00:00,387.13,56,107,78.23,1410,1.01,
2018-06-03 00:00:00,505.94,63,106,82.33,5213,3.53,
2018-06-04 00:00:00,775.91,63,113,85.41,6594,4.69,
2018-06-05 00:00:00,862.69,63,115,84.63,6727,4.9,
2018-06-06 00:00:00,852.12,57,112,82.79,7321,5.2,
2018-06-07 00:00:00,1159,66,153,93.33,8004,5.77,
2018-06-08 00:00:00,1786,57,165,90.76,14749,11.4,
2018-06-09 00:00:00,469.47,62,113,79.82,4468,3.11,
2018-06-10 00:00:00,290.55,64,107,83.1,1453,1.06,
2018-06-11 00:00:00,741.46,57,106,86.7,5181,3.72,
2018-06-12 00:00:00,2396,59,119,91.21,17457,14.54,
2018-06-13 00:00:00,961.77,58,129,88,7817,5.54,
2018-06-14 00:00:00,1310,65,116,87.77,10090,7.37,
2018-06-15 00:00:00,1523,57,117,85.06,14375,10.49,
2018-06-16 00:00:00,643.24,61,113,77.69,4625,3.36,
2018-06-17 00:00:00,358.41,58,100,73.44,1115,0.822,
2018-06-18 00:00:00,1283,64,131,89.6,10058,7.23,
2018-06-19 00:00:00,853.99,59,118,89.32,7293,5.19,
2018-06-20 00:00:00,1010,54,110,86.06,9266,6.35,
2018-06-21 00:00:00,1054,67,103,85.12,9307,6.45,
2018-06-22 00:00:00,2106,65,188,98.15,26942,19.75,
2018-06-23 00:00:00,365.29,62,99,78.47,1584,1.18,
2018-06-24 00:00:00,598.29,62,104,78.65,2888,2.08,
2018-06-25 00:00:00,970.66,77,116,95.53,8787,6.28,
2018-06-26 00:00:00,994.15,58,122,89.06,8880,6.23,
2018-06-27 00:00:00,888.94,58,99,81.91,7842,5.47,
2018-06-28 00:00:00,1086,62,119,88.99,8247,5.96,
2018-06-29 00:00:00,1739,57,130,89.57,12908,9.4,
2018-06-30 00:00:00,368.06,53,127,89.46,2302,1.62,
2018-07-01 00:00:00,6.83,59,103,87.2,465.01,0.183,
2018-07-02 00:00:00,1109,65,122,89.05,12635,8.79,
2018-07-03 00:00:00,1295,56,117,82.14,15619,10.6,
2018-07-04 00:00:00,882.11,59,110,84.1,6737,4.89,
2018-07-05 00:00:00,951.82,67,113,83.86,8604,6.09,
2018-07-06 00:00:00,1381,55,106,79.2,12153,8.55,
2018-07-07 00:00:00,170.08,56,102,71.41,700.57,0.5,
2018-07-08 00:00:00,361.81,55,176,76.47,1891,1.39,
2018-07-09 00:00:00,584.56,56,112,80.01,3833,2.75,
2018-07-10 00:00:00,510.43,59,102,72.62,1991,1.5,
2018-07-11 00:00:00,1228,62,194,105.45,6939,5.81,
2018-07-12 00:00:00,1504,65,126,95.89,12200,8.81,
2018-07-13 00:00:00,754.38,58,123,85.29,3650,2.64,
2018-07-14 00:00:00,325.98,65,98,80.53,1125,0.855,
2018-07-15 00:00:00,369.72,49,124,73.75,874,0.651,
2018-07-16 00:00:00,486.43,66,104,81.66,3114,2.34,
2018-07-17 00:00:00,1388,62,128,93.07,8387,6.57,
2018-07-18 00:00:00,599.33,60,121,86.3,5463,3.79,
2018-07-19 00:00:00,1462,63,143,98.28,7687,5.28,
2018-07-20 00:00:00,853.2,57,102,77.37,8821,6.03,
2018-07-21 00:00:00,938.13,60,95,74.95,5861,5.49,
2018-07-22 00:00:00,778.33,68,125,85.06,4589,4.26,
2018-07-23 00:00:00,962.14,62,104,82.52,5608,4.97,
2018-07-24 00:00:00,1710,53,147,93.72,11774,9.96,
2018-07-25 00:00:00,995.6,60,112,88.2,5558,5.34,
2018-07-26 00:00:00,1082,49,137,89.2,9965,7.62,
2018-07-27 00:00:00,954.58,60,121,84.45,4791,4.7,
2018-07-28 00:00:00,820.98,55,194,86.29,4721,4.1,
2018-07-29 00:00:00,915.65,56,166,80.7,5579,5.3,
2018-07-30 00:00:00,452.5,53,99,77.23,3381,2.4,
2018-07-31 00:00:00,765.53,63,104,83.76,6065,4.2,
2018-08-01 00:00:00,551.48,58,119,85.26,7701,5.21,
2018-08-02 00:00:00,623.42,52,102,80.74,6744,4.61,
2018-08-03 00:00:00,214.98,69,103,81.53,2884,1.82,
2018-08-04 00:00:00,537.91,61,107,84.8,4916,3.28,
2018-08-05 00:00:00,383.99,60,121,89.29,3150,2.13,
2018-08-06 00:00:00,628.63,65,119,86.24,6434,4.41,
2018-08-07 00:00:00,675.75,60,106,82.03,4852,3.38,
2018-08-08 00:00:00,313.9,55,102,76.09,1154,0.868,
2018-08-09 00:00:00,986.57,56,101,76.25,6555,5.06,
2018-08-10 00:00:00,759.53,54,103,73.97,3724,3.6,
2018-08-11 00:00:00,464.64,57,113,86.67,3808,2.6,
2018-08-12 00:00:00,1571,56,128,87.36,8981,7.27,
2018-08-13 00:00:00,1097,52,114,81.63,6495,5.44,
2018-08-14 00:00:00,757.31,52,125,82.31,5776,4,
2018-08-15 00:00:00,2516,59,188,97,14548,15.08,
2018-08-16 00:00:00,715.34,61,109,80.53,3932,3.02,
2018-08-17 00:00:00,781.78,61,98,79.39,10227,6.84,
2018-08-18 00:00:00,1603,64,167,96.35,11756,7.43,
2018-08-19 00:00:00,363.97,60,102,79.27,1919,1.36,
2018-08-20 00:00:00,380.91,55,106,79.26,1394,1.05,
2018-08-21 00:00:00,383.03,57,113,79.87,2387,1.59,
2018-08-22 00:00:00,586.94,58,97,76.23,5615,3.77,
2018-08-23 00:00:00,376.42,56,107,77.72,1213,0.825,
2018-08-24 00:00:00,351.8,52,100,74.13,4335,2.34,
2018-08-25 00:00:00,1257,61,107,82.44,14503,9.86,
2018-08-26 00:00:00,522.81,56,101,77.28,1443,1.06,
2018-08-27 00:00:00,476.19,49,106,75.51,1543,1.17,
2018-08-28 00:00:00,976.74,54,134,86.55,7805,6.39,
2018-08-29 00:00:00,2898,54,208,108.56,16864,13.45,
2018-08-30 00:00:00,482.14,58,105,75.71,3731,2.39,
2018-08-31 00:00:00,467.88,53,106,76.22,3360,2.21,
2018-09-01 00:00:00,745.85,56,99,80.86,7104,4.9,
2018-09-02 00:00:00,359.55,63,97,78.87,1935,1.4,
2018-09-03 00:00:00,818.06,57,105,80.73,8508,5.96,
2018-09-04 00:00:00,432.15,68,104,80.99,4717,3.07,
2018-09-05 00:00:00,1073,63,135,90.42,10117,7.21,
2018-09-06 00:00:00,1262,37,151,87.21,10630,7.85,
2018-09-07 00:00:00,1100,54,117,83.19,11837,8.18,
2018-09-08 00:00:00,378.71,55,97,71.1,5142,3.27,
2018-09-09 00:00:00,368.47,58,104,76.31,2768,1.83,
2018-09-10 00:00:00,1802,44,181,102.93,13069,10.27,
2018-09-11 00:00:00,1179,61,133,96.93,10022,7.36,
2018-09-12 00:00:00,772.64,57,127,86.87,7630,5.38,
2018-09-13 00:00:00,1019,61,102,83.67,10004,7.14,
2018-09-14 00:00:00,773.49,56,106,80.87,7364,5.24,
2018-09-15 00:00:00,316.29,57,101,75.33,2190,1.47,
2018-09-16 00:00:00,352.22,56,106,74.95,2021,1.4,
2018-09-17 00:00:00,2090,63,161,103.91,12289,9.17,
2018-09-18 00:00:00,1385,52,191,99.22,13005,9.67,
2018-09-19 00:00:00,1079,60,121,83.05,11090,7.64,
2018-09-20 00:00:00,1076,59,107,85.42,11339,7.91,
2018-09-21 00:00:00,1249,58,137,87.6,11773,8.39,
2018-09-22 00:00:00,392.96,49,119,72.62,1534,0.973,
2018-09-23 00:00:00,717.56,46,113,77.28,6906,4.8,
2018-09-24 00:00:00,1458,58,110,81.06,12911,9.66,
2018-09-25 00:00:00,1294,59,134,84.72,13103,9.33,
2018-09-26 00:00:00,1004,61,103,81.25,9167,6.64,
2018-09-27 00:00:00,1081,60,106,83.52,10138,7.21,
2018-09-28 00:00:00,221.38,52,94,69.34,766,0.562,
2018-09-29 00:00:00,514.16,56,103,72.73,4189,2.97,
2018-09-30 00:00:00,563.28,60,102,78.52,4577,3.25,
2018-10-01 00:00:00,1957,49,186,102.7,14085,11.23,
2018-10-02 00:00:00,1245,68,123,86.78,10028,7.33,
2018-10-03 00:00:00,931.37,36,113,82.42,7534,5.56,
2018-10-04 00:00:00,1013,58,116,82.94,8988,6.54,
2018-10-05 00:00:00,1065,61,107,81.67,10437,7.31,
2018-10-06 00:00:00,382.45,58,113,73.77,1736,1.34,
2018-10-07 00:00:00,1539,60,209,94.52,8875,8.95,
2018-10-08 00:00:00,2653,59,172,94.6,19514,16.1,
2018-10-09 00:00:00,1118,54,146,89.98,9803,7.36,
2018-10-10 00:00:00,742.88,58,113,83.08,5856,4.32,
2018-10-11 00:00:00,971.73,60,106,84.67,8863,6.35,
2018-10-12 00:00:00,892.01,55,129,81.43,6702,4.86,
2018-10-13 00:00:00,910.15,55,179,78.7,4334,4.04,
2018-10-14 00:00:00,537.73,45,123,76.62,3356,2.37,
2018-10-15 00:00:00,1943,63,170,92.89,12447,9.61,
2018-10-16 00:00:00,1154,53,113,88.62,10078,7.39,
2018-10-17 00:00:00,965.11,53,128,85.11,8865,6.48,
2018-10-18 00:00:00,331.85,56,100,74.44,1127,0.867,
2018-10-19 00:00:00,470.52,54,100,75.96,2008,1.45,
2018-10-20 00:00:00,856.06,58,125,87.46,8864,6.13,
2018-10-21 00:00:00,866.92,61,103,78.61,6286,4.6,
2018-10-22 00:00:00,676.8,57,101,74.57,7472,5.02,
2018-10-23 00:00:00,862.23,62,100,85.15,6576,4.87,
2018-10-24 00:00:00,303.55,56,123,73.95,636,0.481,
2018-10-25 00:00:00,346.68,61,102,75.51,936,0.685,
2018-10-26 00:00:00,793.47,58,104,79.98,7006,5.1,
2018-10-27 00:00:00,647.13,57,112,78.21,4981,3.61,
2018-10-28 00:00:00,593.01,60,121,81.67,4944,3.38,
2018-10-29 00:00:00,1975,60,141,90.34,13739,11.03,
2018-10-30 00:00:00,1097,59,104,83.5,9833,7.24,
2018-10-31 00:00:00,991.37,54,104,83.85,8220,5.93,
2018-11-01 00:00:00,1007,58,126,87.92,8337,6.07,
2018-11-02 00:00:00,996.67,50,98,79.36,9589,6.68,
2018-11-03 00:00:00,537.27,58,90,71.75,5583,3.67,
2018-11-04 00:00:00,339.71,55,101,72.86,643,0.467,
2018-11-05 00:00:00,1895,58,183,101.91,13988,11.18,
2018-11-06 00:00:00,987.56,54,114,85.39,8490,6.15,
2018-11-07 00:00:00,903.12,64,103,82.47,6968,5,
2018-11-08 00:00:00,1140,64,166,90.61,9445,7.39,
2018-11-09 00:00:00,863.45,61,106,80.66,7563,5.38,
2018-11-10 00:00:00,388.34,58,130,75.91,574,0.433,
2018-11-11 00:00:00,377.28,57,131,82.78,2389,1.69,
2018-11-12 00:00:00,1868,61,176,95.23,12405,9.99,
2018-11-13 00:00:00,1062,61,109,87.2,9557,6.99,
2018-11-14 00:00:00,985.11,61,115,81.61,8468,6.08,
2018-11-15 00:00:00,257.76,58,103,74.99,771.34,0.537,
2018-11-16 00:00:00,967.86,63,113,82.26,8210,5.88,
2018-11-17 00:00:00,0.736,,,,97,0.055,
2018-11-18 00:00:00,936.11,61,169,96.28,2920,2.08,
2018-11-19 00:00:00,1680,54,148,89.66,11811,8.73,
2018-11-20 00:00:00,1107,59,117,83.76,9290,6.93,
2018-11-21 00:00:00,979.29,58,121,81.94,8681,6.16,
2018-11-22 00:00:00,1107,58,112,85.36,8770,6.5,
2018-11-23 00:00:00,981.3,60,126,82.23,7634,5.68,
2018-11-24 00:00:00,1057,57,166,87.31,7861,5.7,
2018-11-25 00:00:00,522.4,66,114,90.37,5306,3.65,
2018-11-26 00:00:00,2018,58,140,88.8,13945,11.13,
2018-11-27 00:00:00,1099,55,120,79.27,10468,7.44,
2018-11-28 00:00:00,825.54,54,106,77.87,7202,5.23,
2018-11-29 00:00:00,1061,61,113,82.18,8904,6.48,
2018-11-30 00:00:00,1002,56,161,82.99,8234,5.88,
2018-12-01 00:00:00,333.81,61,99,77.24,1132,0.839,
2018-12-02 00:00:00,423.5,48,103,82.42,1445,1.07,
2018-12-03 00:00:00,1862,58,146,92.34,14026,10.38,
2018-12-04 00:00:00,1275,55,147,88.93,9644,7.09,
2018-12-05 00:00:00,1035,54,132,84.93,8366,6.07,
2018-12-06 00:00:00,947.3,58,117,84.58,7660,5.63,
2018-12-07 00:00:00,1043,59,122,79.41,8553,6.08,
2018-12-08 00:00:00,539.38,59,103,75.94,3341,2.53,
2018-12-09 00:00:00,445.35,61,102,76.06,1712,1.28,
2018-12-10 00:00:00,1878,62,187,87.74,14255,11.42,
2018-12-11 00:00:00,1185,54,113,83.63,9762,7.31,
2018-12-12 00:00:00,1562,55,163,84.16,17208,12.34,
2018-12-13 00:00:00,1102,60,116,82.03,9395,6.93,
2018-12-14 00:00:00,1069,53,113,83.45,9774,7.03,
2018-12-15 00:00:00,430.57,56,103,73.7,1429,1.05,
2018-12-16 00:00:00,586.81,59,105,73.56,3613,2.55,
2018-12-17 00:00:00,631.69,57,99,72.37,6413,4.48,
2018-12-18 00:00:00,461.11,58,106,73.32,2337,1.79,
2018-12-19 00:00:00,473.98,58,112,80.4,4626,3.1,
2018-12-20 00:00:00,1496,59,186,97.48,4700,3.92,
2018-12-21 00:00:00,496.09,57,107,82.28,1664,1.22,
2018-12-22 00:00:00,417.25,62,105,80.95,1112,0.812,
2018-12-23 00:00:00,429.65,61,97,76.11,2878,2.03,
2018-12-24 00:00:00,337.32,54,94,75.8,1433,1.02,
2018-12-25 00:00:00,729.69,58,106,79.31,5010,3.73,
2018-12-26 00:00:00,360.82,60,102,75.98,1334,0.97,
2018-12-27 00:00:00,382.36,46,104,75.28,1621,1.2,
2018-12-28 00:00:00,366.27,61,101,83.97,1256,0.921,
2018-12-29 00:00:00,440.47,61,104,83.81,2211,1.59,
2018-12-30 00:00:00,475.27,59,115,83.33,2311,1.6,
2018-12-31 00:00:00,463.65,60,117,89.33,3291,2.33,
2019-01-01 00:00:00,338.89,61,112,85.17,1470,1.05,
2019-01-02 00:00:00,1489,52,175,92.71,8630,6.75,
2019-01-03 00:00:00,1809,59,165,97.73,10695,8.83,
2019-01-04 00:00:00,391.2,64,102,79.29,2184,1.56,
2019-01-05 00:00:00,222.76,60,117,79.39,1177,0.891,
2019-01-06 00:00:00,1270,49,194,90.41,8834,6.62,
2019-01-07 00:00:00,355.97,60,103,80.7,822,0.604,
2019-01-08 00:00:00,1304,54,114,87.13,9701,7.25,
2019-01-09 00:00:00,751.36,61,103,82.08,6533,4.83,
2019-01-10 00:00:00,1098,57,116,83.59,7825,5.76,
2019-01-11 00:00:00,837.65,61,102,78.98,6624,4.8,
2019-01-12 00:00:00,479.62,55,102,78.79,1207,0.876,
2019-01-13 00:00:00,471.8,56,102,77.97,1614,1.23,
2019-01-14 00:00:00,1295,53,185,87.93,9076,8.39,
2019-01-15 00:00:00,1795,55,132,90.77,12552,9.72,
2019-01-16 00:00:00,1015,61,117,85.41,8950,6.63,
2019-01-17 00:00:00,754.78,56,130,82.84,7334,5.11,
2019-01-18 00:00:00,981.54,57,116,84.48,7568,5.62,
2019-01-19 00:00:00,350.12,65,95,78.91,1799,1.26,
2019-01-20 00:00:00,298.73,56,94,74.88,399,0.305,
2019-01-21 00:00:00,1768,56,154,89.48,13384,10.33,
2019-01-22 00:00:00,657.13,60,106,80.91,5744,4.11,
2019-01-23 00:00:00,1054,52,115,80.55,8026,5.81,
2019-01-24 00:00:00,1579,57,119,84.67,11852,10.04,
2019-01-25 00:00:00,1112,57,122,85.95,9516,6.81,
2019-01-26 00:00:00,411.02,59,112,74.32,1616,1.18,
2019-01-27 00:00:00,599.18,57,113,76.07,2787,2.96,
2019-01-28 00:00:00,2061,57,202,96.04,14229,11.27,
2019-01-29 00:00:00,1185,55,107,86.14,9700,7.1,
2019-01-30 00:00:00,1067,55,115,82.99,7781,5.66,
2019-01-31 00:00:00,1124,58,102,79.31,10295,7.44,
2019-02-01 00:00:00,1245,58,98,80.3,7861,5.58,
2019-02-02 00:00:00,415.61,34,136,75.25,1364,0.994,
2019-02-03 00:00:00,669.31,59,99,78.46,4825,3.24,
2019-02-04 00:00:00,1453,60,173,91.81,8587,7.28,
2019-02-05 00:00:00,1368,54,115,82.19,8368,6.17,
2019-02-06 00:00:00,1361,65,107,83.15,8980,6.49,
2019-02-07 00:00:00,374.05,56,106,75.24,1214,0.849,
2019-02-08 00:00:00,1116,61,122,83.93,8305,5.96,
2019-02-09 00:00:00,510.38,58,115,76.65,1222,0.88,
2019-02-10 00:00:00,512.98,53,103,74.97,779,0.594,
2019-02-11 00:00:00,1894,54,165,90.88,12552,9.6,
2019-02-12 00:00:00,1547,61,148,92.52,11279,8.51,
2019-02-13 00:00:00,1349,60,106,80.76,8540,6.2,
2019-02-14 00:00:00,1413,65,145,89.98,10759,8.22,
2019-02-15 00:00:00,1152,60,103,78.8,8979,6.23,
2019-02-16 00:00:00,432.62,55,92,71.99,943,0.688,
2019-02-17 00:00:00,1821,58,175,97.96,7000,5.03,
2019-02-18 00:00:00,889.51,53,160,80.35,4319,3.6,
2019-02-19 00:00:00,379.92,58,104,75.03,699,0.537,
2019-02-20 00:00:00,428.02,56,119,80.5,744,0.554,
2019-02-21 00:00:00,791.9,57,116,78.42,5101,3.7,
2019-02-22 00:00:00,1019,61,141,91.5,5551,4.4,
2019-02-23 00:00:00,487.67,59,105,77.52,1448,1.03,
2019-02-24 00:00:00,348.86,58,119,77.48,367,0.269,
2019-02-25 00:00:00,2184,59,175,96.93,12969,10.01,
2019-02-26 00:00:00,,,,,16,0.01,
2019-02-27 00:00:00,995.55,58,113,84.58,6424,4.66,
2019-02-28 00:00:00,,,,,86,0.054,
2019-03-01 00:00:00,1330,58,129,84.01,7547,5.54,
2019-03-02 00:00:00,678.03,61,89,74.2,3306,2.87,
2019-03-03 00:00:00,528.96,59,103,78.82,1985,1.56,
2019-03-04 00:00:00,2693,61,172,95.35,16539,13.73,
2019-03-05 00:00:00,1547,58,107,80.7,9716,7.9,
2019-03-06 00:00:00,711.12,59,106,77.88,5649,4.09,
2019-03-07 00:00:00,1151,56,113,84.16,8619,6.31,
2019-03-08 00:00:00,1022,54,127,74.4,6783,4.89,
2019-03-09 00:00:00,437.09,51,104,70.36,1229,0.876,
2019-03-10 00:00:00,729.22,56,106,75,2666,2.01,
2019-03-11 00:00:00,719.85,63,121,85.13,5341,3.96,
2019-03-12 00:00:00,1496,63,121,87.14,8229,6.09,
2019-03-13 00:00:00,1186,65,112,84.11,7541,5.79,
2019-03-14 00:00:00,,,,,64,0.047,
2019-03-15 00:00:00,1631,63,121,83.85,10521,7.56,
2019-03-16 00:00:00,422.09,58,98,74.65,464,0.328,
2019-03-17 00:00:00,,,,,,,
2019-03-18 00:00:00,986.94,54,116,80.07,6065,4.64,
2019-03-19 00:00:00,1105,59,121,81.26,6414,4.8,
2019-03-20 00:00:00,,,,,49,0.032,
2019-03-21 00:00:00,1537,58,115,83.8,9562,7.36,
2019-03-22 00:00:00,1411,48,138,87.18,8873,6.73,
2019-03-23 00:00:00,,,,,,,
2019-03-24 00:00:00,454.58,53,94,74.03,467,0.352,
2019-03-25 00:00:00,1863,61,148,91.62,11141,8.67,
2019-03-26 00:00:00,966.69,61,103,80.32,6168,4.43,
2019-03-27 00:00:00,1003,55,125,83.72,7418,5.35,
2019-03-28 00:00:00,,,,,91,0.065,
2019-03-29 00:00:00,1894,64,134,89.17,16578,12.18,
2019-03-30 00:00:00,1484,65,169,98.11,3806,2.52,
2019-03-31 00:00:00,561.32,58,98,77.48,1263,1.03,
2019-04-01 00:00:00,522.99,54,106,74.27,1060,0.801,
2019-04-02 00:00:00,1001,62,120,86.29,4772,5.08,
2019-04-03 00:00:00,1083,54,194,82.03,4730,4.14,
2019-04-04 00:00:00,842.52,57,113,78.22,3366,3.13,
2019-04-05 00:00:00,747.71,59,115,81.87,1291,0.95,
2019-04-06 00:00:00,1140,60,146,83.55,3772,3.48,
2019-04-07 00:00:00,1809,57,168,97.9,6551,4.63,
2019-04-08 00:00:00,390.52,63,94,73.77,1056,0.751,
2019-04-09 00:00:00,528.96,56,106,78.68,1713,1.24,
2019-04-10 00:00:00,749.23,59,102,78.89,3401,2.28,
2019-04-11 00:00:00,508.45,53,103,79.74,1103,0.83,
2019-04-12 00:00:00,527.39,56,102,75.84,939,0.71,
2019-04-13 00:00:00,1242,54,112,78.41,8540,6.33,
2019-04-14 00:00:00,539.07,56,99,76.45,3198,2.23,
2019-04-15 00:00:00,503.66,59,103,79.8,1816,1.32,
2019-04-16 00:00:00,288.96,53,102,76.11,314,0.236,
2019-04-17 00:00:00,1023,61,110,81.81,9001,6.2,
2019-04-18 00:00:00,1209,65,107,82.65,8181,6.59,
2019-04-19 00:00:00,330.77,58,103,76.33,342,0.264,
2019-04-20 00:00:00,,,,,,,
2019-04-21 00:00:00,604.97,55,99,77.53,1754,1.28,
2019-04-22 00:00:00,946.37,61,133,94.85,5532,4.08,
2019-04-23 00:00:00,387.58,65,104,80.83,1468,1.13,
2019-04-24 00:00:00,1656,68,160,91.99,10187,8.84,
2019-04-25 00:00:00,1558,58,176,92.92,10103,8.54,
2019-04-26 00:00:00,846.7,63,152,86.93,5050,4.04,
2019-04-27 00:00:00,614.7,51,100,75.98,2313,1.85,
2019-04-28 00:00:00,704.49,54,103,77.79,3896,2.9,
2019-04-29 00:00:00,8.4,51,67,56.81,16,0.012,
2019-04-30 00:00:00,,,,,8,0.006,
2019-05-01 00:00:00,707.11,58,113,76.56,2472,2.07,
2019-05-02 00:00:00,545.97,53,112,77.08,1857,1.41,
2019-05-03 00:00:00,1343,57,119,82.75,8745,6.8,
2019-05-04 00:00:00,553.63,52,105,74.39,2128,1.58,
2019-05-05 00:00:00,447.7,50,107,66.62,530,0.427,
2019-05-06 00:00:00,725.32,57,126,83.63,4396,3.13,
2019-05-07 00:00:00,1617,61,129,88.75,9649,8,
2019-05-08 00:00:00,877.31,64,121,85.61,6571,4.83,
2019-05-09 00:00:00,1878,58,107,84.36,19423,14.4,
2019-05-10 00:00:00,302.91,58,92,74.56,353,0.278,
2019-05-11 00:00:00,504.97,57,98,74.68,716,0.55,
2019-05-12 00:00:00,1061,54,121,89.21,8517,6.18,
2019-05-13 00:00:00,1508,57,107,83.45,10117,7.96,
2019-05-14 00:00:00,1329,65,134,87.76,9170,7.06,
2019-05-15 00:00:00,539.65,56,102,71.99,1553,1.18,
2019-05-16 00:00:00,3.18,52,67,58.15,,,
2019-05-17 00:00:00,219.78,63,100,75.65,582.89,0.406,
2019-05-18 00:00:00,1660,61,168,99.46,3614,2.49,
2019-05-19 00:00:00,328.13,61,97,77.85,418,0.314,
2019-05-20 00:00:00,,,,,132,0.068,
2019-05-21 00:00:00,1402,60,129,86.7,8503,6.4,
2019-05-22 00:00:00,,,,,13,0.011,
2019-05-23 00:00:00,3360,39,158,115.56,16750,13.46,
2019-05-24 00:00:00,579.34,56,102,71.97,1320,1.06,
2019-05-25 00:00:00,2611,50,197,113.97,7603,5.55,
2019-05-26 00:00:00,,,,,,,
2019-05-27 00:00:00,,,,,,,
2019-05-28 00:00:00,1184,58,105,80.81,9250,6.7,
2019-05-29 00:00:00,872.01,57,102,76.53,6764,4.9,
2019-05-30 00:00:00,,,,,,,
2019-05-31 00:00:00,727.26,60,106,78.47,3087,2.38,
2019-06-01 00:00:00,588.81,52,99,74.58,3775,2.67,
2019-06-02 00:00:00,207.97,59,102,78.87,639,0.459,
2019-06-03 00:00:00,,,,,15,0.01,
2019-06-04 00:00:00,1159,61,113,81.92,7250,5.52,
2019-06-05 00:00:00,935.49,61,113,80.16,7497,5.63,
2019-06-06 00:00:00,919.08,58,106,77.56,5540,4.01,
2019-06-07 00:00:00,1101,54,121,82.62,7390,5.63,
2019-06-08 00:00:00,350.23,57,103,74.55,741,0.591,
2019-06-09 00:00:00,1067,61,124,82.28,3771,3.91,
2019-06-10 00:00:00,1344,50,144,85.84,8005,6.76,
2019-06-11 00:00:00,143.45,58,91,71.41,861,0.57,
2019-06-12 00:00:00,615.88,58,136,83.02,4245,3.26,
2019-06-13 00:00:00,1099,52,99,79.49,7225,5.36,
2019-06-14 00:00:00,1711,63,100,80.69,9195,7.17,
2019-06-15 00:00:00,573.23,53,113,74,2258,1.76,
2019-06-16 00:00:00,861.17,40,122,73.59,4079,3.19,
2019-06-17 00:00:00,1821,59,143,84.51,11587,9.18,
2019-06-18 00:00:00,1372,58,117,80.55,9823,7.13,
2019-06-19 00:00:00,1139,61,113,78.67,7397,5.58,
2019-06-20 00:00:00,826.14,61,98,77.43,5819,4.38,
2019-06-21 00:00:00,1411,55,113,81.19,7661,5.92,
2019-06-22 00:00:00,1228,57,112,72.33,7832,5.84,
2019-06-23 00:00:00,474.12,56,98,69.97,1729,1.34,
2019-06-24 00:00:00,1431,60,142,87.59,9227,7.11,
2019-06-25 00:00:00,1454,63,173,87.08,9597,7.19,
2019-06-26 00:00:00,1243,66,113,81.88,7865,5.92,
2019-06-27 00:00:00,1191,60,121,79.61,9287,6.8,
2019-06-28 00:00:00,1173,54,111,79.6,8218,6.19,
2019-06-29 00:00:00,1174,57,114,76.96,10274,7.96,
2019-06-30 00:00:00,6.37,55,70,59.89,19.28,0.015,
2019-07-01 00:00:00,1765,58,130,82.09,11862,9.56,
2019-07-02 00:00:00,1557,56,102,76.04,16849,12.15,
2019-07-03 00:00:00,1179,50,99,69.93,9533,7.06,
2019-07-04 00:00:00,1322,47,103,72.6,10031,7.48,
2019-07-05 00:00:00,1470,53,131,78.43,9677,7.2,
2019-07-06 00:00:00,181.76,63,129,80.41,1244,0.89,
2019-07-07 00:00:00,1971,37,189,84.06,9264,10.21,
2019-07-08 00:00:00,1044,52,119,73.1,6494,4.88,
2019-07-09 00:00:00,1186,61,106,78.3,8544,6.53,
2019-07-10 00:00:00,988.15,58,132,76.65,4488,3.98,
2019-07-11 00:00:00,789.86,51,113,72.73,5188,3.86,
2019-07-12 00:00:00,163.96,54,89,68.74,1436,1.04,
2019-07-13 00:00:00,1659,60,118,86.23,10914,8.43,
2019-07-14 00:00:00,1676,46,125,84.28,11432,9.88,
2019-07-15 00:00:00,1795,49,191,88.01,11443,9.2,
2019-07-16 00:00:00,1199,61,107,79.23,11112,8.12,
2019-07-17 00:00:00,1023,48,112,80.74,8507,6.4,
2019-07-18 00:00:00,2680,65,188,104.44,16625,12.83,
2019-07-19 00:00:00,1375,58,103,77.22,14020,9.98,
2019-07-20 00:00:00,552.91,57,92,72.56,2568,1.92,
2019-07-21 00:00:00,1767,61,116,83.57,16181,11.95,
2019-07-22 00:00:00,828.79,42,133,85.41,4627,3.6,
2019-07-23 00:00:00,803.57,55,114,79.42,5937,4.4,
2019-07-24 00:00:00,612.24,54,106,72.66,4005,3.16,
2019-07-25 00:00:00,1839,54,177,91.06,9376,7.52,
2019-07-26 00:00:00,1982,51,168,94.06,8761,7.16,
2019-07-27 00:00:00,938.52,58,106,74.55,4454,3.36,
2019-07-28 00:00:00,806.83,46,125,74.84,5481,4.04,
2019-07-29 00:00:00,1315,58,116,79.63,8457,6.37,
2019-07-30 00:00:00,816.41,55,100,71.16,4598,3.43,
2019-07-31 00:00:00,135.53,51,93,65.43,147,0.114,
2019-08-01 00:00:00,1214,54,100,73.07,7393,5.54,
2019-08-02 00:00:00,744.88,53,103,74.93,3805,2.85,
2019-08-03 00:00:00,1980,36,168,96.77,8560,5.71,
2019-08-04 00:00:00,495.05,50,99,70.99,785,0.618,
2019-08-05 00:00:00,456.79,50,107,68.81,861,0.67,
2019-08-06 00:00:00,1129,55,100,76.24,8472,6.24,
2019-08-07 00:00:00,684.34,55,99,73.61,1819,1.42,
2019-08-08 00:00:00,,,,,37,0.024,
2019-08-09 00:00:00,645.27,56,101,77.13,1720,1.35,
2019-08-10 00:00:00,543.17,57,100,71.37,1770,1.35,
2019-08-11 00:00:00,27.22,51,90,62.44,195,0.152,
2019-08-12 00:00:00,,,,,35,0.018,
2019-08-13 00:00:00,927.03,58,113,75.83,6568,4.77,
2019-08-14 00:00:00,896.41,57,102,74.28,5433,4.03,
2019-08-15 00:00:00,508.69,54,107,68.45,1246,0.98,
2019-08-16 00:00:00,831.78,55,138,74.46,5478,4.19,
2019-08-17 00:00:00,448.87,66,117,79.54,1419,1.13,
2019-08-18 00:00:00,726.12,58,103,77.63,4014,3.01,
2019-08-19 00:00:00,974.96,61,102,81.56,3684,2.92,
2019-08-20 00:00:00,1202,59,149,91.42,9926,8.11,
2019-08-21 00:00:00,878.78,56,116,78.76,6151,4.56,
2019-08-22 00:00:00,996.52,61,105,83.08,4601,3.63,
2019-08-23 00:00:00,373.74,57,97,77.15,895,0.704,
2019-08-24 00:00:00,886.33,58,123,77.56,5639,4.26,
2019-08-25 00:00:00,567.02,58,106,78.33,2633,2.07,
2019-08-26 00:00:00,1238,61,202,88.82,7997,7.37,
2019-08-27 00:00:00,858.04,64,111,82.01,7349,5.38,
2019-08-28 00:00:00,467.34,59,98,76.83,4067,2.95,
2019-08-29 00:00:00,944.69,53,113,79.28,7714,5.66,
2019-08-30 00:00:00,253.03,54,95,75.88,744,0.583,
2019-08-31 00:00:00,736.63,53,103,75.54,4609,3.46,
2019-09-01 00:00:00,558.29,57,113,75.21,2429,1.9,
2019-09-02 00:00:00,545.88,59,101,76.24,1665,1.34,
2019-09-03 00:00:00,344.34,57,95,77.34,845,0.653,
2019-09-04 00:00:00,1094,54,125,90.53,9570,7.3,
2019-09-05 00:00:00,2133,61,178,111.25,8246,6.26,
2019-09-06 00:00:00,1140,52,112,78.09,7491,5.69,
2019-09-07 00:00:00,662.27,48,104,69.17,2847,2.19,
2019-09-08 00:00:00,221.92,51,94,62.88,992.28,0.768,
2019-09-09 00:00:00,,,,,78,0.054,
2019-09-10 00:00:00,1190,61,167,85.65,7770,5.92,
2019-09-11 00:00:00,1532,52,157,83.05,10415,8.05,
2019-09-12 00:00:00,892.56,57,104,74.95,6582,4.85,
2019-09-13 00:00:00,972.22,52,110,75.96,6915,5.21,
2019-09-14 00:00:00,423.11,49,97,63.66,2868,2.08,
2019-09-15 00:00:00,1186,59,166,95.17,4495,3.33,
2019-09-16 00:00:00,1343,61,113,83.57,10523,7.82,
2019-09-17 00:00:00,788.88,56,100,81.39,5807,4.36,
2019-09-18 00:00:00,1451,53,106,80.74,9351,7.17,
2019-09-19 00:00:00,1689,63,114,82.73,10309,7.92,
2019-09-20 00:00:00,460.44,56,99,74.44,1219,0.954,
2019-09-21 00:00:00,908.04,58,150,79.15,5799,4.31,
2019-09-22 00:00:00,1145,62,125,79.44,7220,5.51,
2019-09-23 00:00:00,,,,,22,0.018,
2019-09-24 00:00:00,1657,58,106,81.52,13150,9.94,
2019-09-25 00:00:00,1306,61,105,82.8,9129,7.02,
2019-09-26 00:00:00,1613,61,163,89.91,10605,8.25,
2019-09-27 00:00:00,1259,55,113,75.36,8977,6.67,
2019-09-28 00:00:00,599.38,53,113,69.86,2100,1.59,
2019-09-29 00:00:00,,,,,16,0.014,
2019-09-30 00:00:00,,,,,183,0.143,
2019-10-01 00:00:00,989.23,68,112,81.95,8647,6.47,
2019-10-02 00:00:00,1596,64,125,83.97,10341,7.85,
2019-10-03 00:00:00,,,,,343,0.213,
2019-10-04 00:00:00,784.35,57,102,78.39,6312,4.63,
2019-10-05 00:00:00,867.55,55,106,78.6,5018,3.73,
2019-10-06 00:00:00,1275,50,109,79.95,7892,6.22,
2019-10-07 00:00:00,1132,54,106,76.2,7510,5.76,
2019-10-08 00:00:00,1021,50,103,73.73,7117,5.41,
2019-10-09 00:00:00,1714,65,121,84.28,12294,9.47,
2019-10-10 00:00:00,1225,62,121,79.16,9334,7.02,
2019-10-11 00:00:00,1408,57,104,77.06,8852,6.73,
2019-10-12 00:00:00,670.98,61,94,76.44,4008,2.96,
2019-10-13 00:00:00,487.96,57,126,72.55,1290,0.996,
2019-10-14 00:00:00,1221,61,110,79.29,7956,6.03,
2019-10-15 00:00:00,1261,52,111,76.75,8330,6.34,
2019-10-16 00:00:00,1266,54,113,78.77,8589,6.69,
2019-10-17 00:00:00,1477,51,102,70.42,10772,8.11,
2019-10-18 00:00:00,1111,61,133,80.9,6657,4.93,
2019-10-19 00:00:00,1392,55,114,83.99,11673,8.74,
2019-10-20 00:00:00,408.29,54,102,74.07,1336,1.1,
2019-10-21 00:00:00,559.4,51,116,68.07,1408,1.08,
2019-10-22 00:00:00,696.82,58,95,73.28,5187,3.84,
2019-10-23 00:00:00,960.29,44,100,68.85,4244,3.27,
2019-10-24 00:00:00,513.39,56,92,73.02,1323,0.997,
2019-10-25 00:00:00,1215,54,135,76.93,7528,5.88,
2019-10-26 00:00:00,461.06,54,113,71.53,1619,1.25,
2019-10-27 00:00:00,413.48,55,98,71.94,1086,0.838,
2019-10-28 00:00:00,1005,58,97,76.09,6526,4.88,
2019-10-29 00:00:00,611.64,49,92,64.55,2995,2.41,
2019-10-30 00:00:00,1505,49,117,72.84,9109,7.12,
2019-10-31 00:00:00,1973,54,104,69.5,11899,9.52,
2019-11-01 00:00:00,939.44,62,100,79.43,6410,4.88,
2019-11-02 00:00:00,896.49,52,93,69.14,6444,4.85,
2019-11-03 00:00:00,326.26,51,101,65.04,1140,0.847,
2019-11-04 00:00:00,1136,56,126,83.41,7046,5.26,
2019-11-05 00:00:00,1652,60,97,78.37,14569,11.04,
2019-11-06 00:00:00,1078,55,100,80.22,7778,5.91,
2019-11-07 00:00:00,1661,61,101,82.67,12091,9.4,
2019-11-08 00:00:00,1211,61,127,81.7,8425,6.32,
2019-11-09 00:00:00,412.51,52,90,67.67,2187,1.69,
2019-11-10 00:00:00,709.17,49,113,62.24,7203,5.32,
2019-11-11 00:00:00,1187,47,113,69.89,8516,6.48,
2019-11-12 00:00:00,1177,59,113,80.14,8326,6.28,
2019-11-13 00:00:00,1709,54,105,85.34,13586,10.39,
2019-11-14 00:00:00,868.02,57,121,78.4,6306,4.65,
2019-11-15 00:00:00,702.45,61,106,80.48,5383,3.98,
2019-11-16 00:00:00,833.17,50,98,74.3,3950,2.89,
2019-11-17 00:00:00,1194,51,106,69.84,8220,6.15,
2019-11-18 00:00:00,1017,54,98,79.8,6572,4.87,
2019-11-19 00:00:00,1071,61,114,78.81,8571,6.35,
2019-11-20 00:00:00,1032,61,109,82.9,7899,6.22,
2019-11-21 00:00:00,1783,58,124,85.54,11819,9.29,
2019-11-22 00:00:00,1280,65,103,80.31,8582,6.51,
2019-11-23 00:00:00,556.84,51,99,70.67,2103,1.59,
2019-11-24 00:00:00,0.862,58,67,63.42,200,0.147,
2019-11-25 00:00:00,1076,55,113,77.25,8291,6.18,
2019-11-26 00:00:00,1058,59,106,80.19,6681,5.08,
2019-11-27 00:00:00,1582,58,101,82.59,11407,8.74,
2019-11-28 00:00:00,1652,66,127,83.3,12402,9.55,
2019-11-29 00:00:00,1272,64,115,78.59,8830,6.73,
2019-11-30 00:00:00,668.02,60,92,72.17,3907,3,
2019-12-01 00:00:00,,,,,16,0.009,
2019-12-02 00:00:00,1246,56,104,76.36,8195,6.36,
2019-12-03 00:00:00,1414,69,103,83.71,11152,8.6,
2019-12-04 00:00:00,,,,,43,0.023,
2019-12-05 00:00:00,676.62,61,114,75.47,5730,4.53,
2019-12-06 00:00:00,942.48,62,113,77.3,7380,5.6,
2019-12-07 00:00:00,,,,,597,0.419,
2019-12-08 00:00:00,,,,,,,
2019-12-09 00:00:00,1225,61,101,81.13,7835,6.06,
2019-12-10 00:00:00,1584,64,148,82.66,10237,8,
2019-12-11 00:00:00,815.43,53,135,74.89,5551,4.26,
2019-12-12 00:00:00,828.17,46,115,68.59,7132,5.4,
2019-12-13 00:00:00,1133,54,100,76.08,7581,5.7,
2019-12-14 00:00:00,1008,54,94,75.14,3825,3.02,
2019-12-15 00:00:00,662.09,49,100,66.6,4879,3.76,
2019-12-16 00:00:00,1947,58,134,78.31,13552,10.79,
2019-12-17 00:00:00,802.68,62,103,76.71,5881,4.41,
2019-12-18 00:00:00,983.6,54,99,73.66,7929,5.88,
2019-12-19 00:00:00,591.02,57,102,75.05,1850,1.45,
2019-12-20 00:00:00,547.49,51,98,70.02,1896,1.45,
2019-12-21 00:00:00,650.22,60,114,80.55,3874,2.85,
2019-12-22 00:00:00,410.22,54,97,72.43,2092,1.56,
2019-12-23 00:00:00,564.26,49,98,65.44,2921,2.22,
2019-12-24 00:00:00,,,,,187,0.139,
2019-12-25 00:00:00,497.65,61,93,77.84,1983,1.52,
2019-12-26 00:00:00,740.91,51,107,78.27,3878,3.06,
2019-12-27 00:00:00,,,,,22,0.013,
2019-12-28 00:00:00,699.4,58,102,79.01,1520,1.2,
2019-12-29 00:00:00,471.21,56,99,71.61,1065,0.831,
2019-12-30 00:00:00,7.22,54,68,61.06,2,0.001,
2019-12-31 00:00:00,326.44,59,105,78.77,1419,1.1,
2020-01-01 00:00:00,1386,54,194,90.94,11261,9.69,
2020-01-02 00:00:00,849.5,55,99,79.47,7520,5.49,
2020-01-03 00:00:00,585.08,57,114,75.76,2512,1.96,
2020-01-04 00:00:00,885.72,62,101,80.2,4931,3.93,
2020-01-05 00:00:00,968.53,59,106,82.63,5400,4.33,
2020-01-06 00:00:00,650.03,60,94,74.31,5230,3.97,
2020-01-07 00:00:00,1298,60,107,85.33,8515,6.47,
2020-01-08 00:00:00,1154,59,116,82.93,8503,6.46,
2020-01-09 00:00:00,1719,64,128,81.7,11313,8.78,
2020-01-10 00:00:00,1271,60,114,81.93,10064,7.8,
2020-01-11 00:00:00,,,,,138,0.096,
2020-01-12 00:00:00,624.55,54,97,72.6,6887,5.05,
2020-01-13 00:00:00,530.97,49,117,65.96,1912,1.5,
2020-01-14 00:00:00,1213,64,106,82.89,7350,5.68,
2020-01-15 00:00:00,1640,53,126,83.56,9776,7.7,
2020-01-16 00:00:00,1658,61,130,79.85,11798,9.2,
2020-01-17 00:00:00,4.72,57,81,67.2,169,0.142,
2020-01-18 00:00:00,,,,,245,0.191,
2020-01-19 00:00:00,671.52,56,116,79.38,4052,3.1,
2020-01-20 00:00:00,1194,50,127,82.59,7222,5.58,
2020-01-21 00:00:00,1429,61,106,85.11,11234,8.53,
2020-01-22 00:00:00,1444,54,117,78.73,8698,6.64,
2020-01-23 00:00:00,976.08,52,114,73.29,6522,4.99,
2020-01-24 00:00:00,,,,,174,0.13,
2020-01-25 00:00:00,,,,,,,
2020-01-26 00:00:00,542.82,60,99,75.59,3904,2.96,
2020-01-27 00:00:00,1271,57,100,81.83,8697,6.59,
2020-01-28 00:00:00,1263,61,102,80.78,9073,6.93,
2020-01-29 00:00:00,1529,56,115,78.76,10603,8.33,
2020-01-30 00:00:00,1215,46,136,77.19,8727,6.8,
2020-01-31 00:00:00,1079,59,110,82.75,8158,6.29,
2020-02-01 00:00:00,520.01,52,129,75.76,1285,0.981,
2020-02-02 00:00:00,436.05,51,149,78.8,2130,1.66,
2020-02-03 00:00:00,1307,50,115,79.23,8049,6.31,
2020-02-04 00:00:00,436.88,56,164,89.61,7491,5.69,
2020-02-05 00:00:00,,,,,8190,6.36,
2020-02-06 00:00:00,1666,65,114,81.77,12453,9.73,
2020-02-07 00:00:00,1171,60,122,80.8,8513,6.55,
2020-02-08 00:00:00,523.08,56,106,72.24,3889,2.99,
2020-02-09 00:00:00,46.12,50,80,59.62,237,0.176,
2020-02-10 00:00:00,,,,,128,0.107,
2020-02-11 00:00:00,1293,58,144,82.85,8555,6.72,
2020-02-12 00:00:00,1803,61,180,86.26,15272,11.77,
2020-02-13 00:00:00,2097,58,116,80.15,13311,11.14,
2020-02-14 00:00:00,1196,54,102,81.27,8576,6.66,
2020-02-15 00:00:00,,,,,54,0.038,
2020-02-16 00:00:00,383.05,52,97,70.26,1450,1.12,
2020-02-17 00:00:00,1275,51,103,68.42,8540,6.65,
2020-02-18 00:00:00,890.15,37,105,73.44,5662,4.26,
2020-02-19 00:00:00,,,,,317,0.241,
2020-02-20 00:00:00,444.75,52,113,69.99,1366,1.05,
2020-02-21 00:00:00,925.96,50,116,69.65,7555,5.64,
2020-02-22 00:00:00,843.56,53,113,76.02,5840,4.47,
2020-02-23 00:00:00,463.84,54,97,75.05,1769,1.37,
2020-02-24 00:00:00,1393,58,186,84.25,7728,6.1,
2020-02-25 00:00:00,1414,55,117,76.48,8600,6.75,
2020-02-26 00:00:00,1051,51,116,69.82,6324,5.04,
2020-02-27 00:00:00,1818,59,107,82.28,12086,9.53,
2020-02-28 00:00:00,1152,57,113,79.02,6857,5.35,
2020-02-29 00:00:00,580.31,50,101,70.54,2160,1.68,
2020-03-01 00:00:00,3.45,49,58,51.57,53,0.046,
2020-03-02 00:00:00,1483,58,184,82.55,9368,7.27,
2020-03-03 00:00:00,1317,60,121,81.6,8893,6.81,
2020-03-04 00:00:00,1465,56,116,74.87,8970,6.92,
2020-03-05 00:00:00,1570,53,119,75.44,10459,8.26,
2020-03-06 00:00:00,1159,61,100,78.8,7990,6.05,
2020-03-07 00:00:00,,,,,149,0.113,
2020-03-08 00:00:00,1077,56,105,73.75,5726,4.5,
2020-03-09 00:00:00,1451,61,109,84.78,9503,7.51,
2020-03-10 00:00:00,1205,58,102,79.03,8903,6.7,
2020-03-11 00:00:00,1742,55,116,77.91,12277,9.53,
2020-03-12 00:00:00,1168,51,115,68.58,9459,7.37,
2020-03-13 00:00:00,,,,,12,0.011,
2020-03-14 00:00:00,296.26,,,,1310,1,
2020-03-15 00:00:00,579.68,52,103,71.24,2504,1.95,
2020-03-16 00:00:00,1287,49,100,71.14,8305,6.35,
2020-03-17 00:00:00,1220,55,106,77.52,8267,6.31,
2020-03-18 00:00:00,1434,51,103,73.59,8397,6.55,
2020-03-19 00:00:00,352.32,53,104,73.91,1293,1.03,
2020-03-20 00:00:00,0.05,,,,45,0.039,
2020-03-21 00:00:00,629.57,51,104,73.29,2750,2.23,
2020-03-22 00:00:00,888.1,49,102,67.4,5835,4.53,
2020-03-23 00:00:00,433.03,58,99,76.38,2460,1.86,
2020-03-24 00:00:00,937.15,54,150,88.87,6043,4.95,
2020-03-25 00:00:00,,,,,16,0.013,
2020-03-26 00:00:00,688.71,56,125,91.81,6996,5.22,
2020-03-27 00:00:00,,,,,586,0.445,
2020-03-28 00:00:00,568.27,51,100,69.51,2658,2.12,
2020-03-29 00:00:00,490.32,50,113,66.5,1356,1.03,
2020-03-30 00:00:00,494.94,54,104,74.96,1580,1.21,
2020-03-31 00:00:00,735.14,58,142,86.51,3091,2.69,
2020-04-01 00:00:00,463.11,51,102,76.15,1707,1.34,
2020-04-02 00:00:00,379.64,61,104,75.3,1142,0.891,
2020-04-03 00:00:00,506.04,53,102,75.83,1356,1.06,
2020-04-04 00:00:00,,,,,116,0.088,
2020-04-05 00:00:00,671.88,61,102,80.24,4013,3.12,
2020-04-06 00:00:00,566.05,60,127,91.48,3186,2.41,
2020-04-07 00:00:00,641.87,54,104,78.04,4624,3.32,
2020-04-08 00:00:00,647.83,60,101,77.35,1979,1.56,
2020-04-09 00:00:00,787.39,58,140,92.69,4802,3.76,
2020-04-10 00:00:00,662.87,52,118,76.77,2387,1.93,
2020-04-11 00:00:00,,,,,8,0.008,
2020-04-12 00:00:00,811.77,55,143,93.97,6104,4.9,
2020-04-13 00:00:00,,,,,252,0.177,
2020-04-14 00:00:00,602.7,63,103,79.34,1504,1.17,
2020-04-15 00:00:00,702.01,61,104,76.56,4492,3.37,
2020-04-16 00:00:00,506.79,49,100,70.25,1646,1.29,
2020-04-17 00:00:00,124.93,49,104,61.37,363,0.278,
2020-04-18 00:00:00,627.37,55,101,80.92,1772,1.38,
2020-04-19 00:00:00,544.9,52,99,68.3,1778,1.34,
2020-04-20 00:00:00,187.63,58,109,72.3,4562,1.73,
2020-04-21 00:00:00,156.35,51,98,62.48,3920,2.91,
2020-04-22 00:00:00,707.28,56,137,82.27,4789,3.82,
2020-04-23 00:00:00,678.36,50,153,89.87,7157,5.88,
2020-04-24 00:00:00,636.21,59,115,75.79,2076,1.63,
2020-04-25 00:00:00,509.49,51,99,68.03,2034,1.59,
2020-04-26 00:00:00,13.87,,,,470,0.374,
2020-04-27 00:00:00,122.78,60,95,77.63,250,0.197,
2020-04-28 00:00:00,283.94,58,91,73.21,691,0.579,
2020-04-29 00:00:00,516.27,66,103,80.88,3069,2.31,
2020-04-30 00:00:00,,,,,,,
2020-05-01 00:00:00,709.93,66,147,102.41,4916,3.93,
2020-05-02 00:00:00,77.33,51,94,60.61,228,0.2,
2020-05-03 00:00:00,474.66,59,104,80.18,1089,0.828,
2020-05-04 00:00:00,566.25,53,126,83.6,3054,2.22,
2020-05-05 00:00:00,18.1,55,81,68.33,152,0.126,
2020-05-06 00:00:00,366.24,57,95,71.12,1149,0.944,
2020-05-07 00:00:00,813.69,52,140,79.8,6481,5.28,
2020-05-08 00:00:00,468.09,58,107,83.41,472,0.348,
2020-05-09 00:00:00,192.72,58,101,71.9,229,0.183,
2020-05-10 00:00:00,269.03,64,113,83.35,854,0.658,
2020-05-11 00:00:00,,,,,115,0.113,
2020-05-12 00:00:00,,,,,221,0.17,
2020-05-13 00:00:00,662.04,56,121,81.94,2161,1.78,
2020-05-14 00:00:00,14.92,54,69,61.36,439,0.353,
2020-05-15 00:00:00,427.79,61,101,75.42,1512,1.22,
2020-05-16 00:00:00,1314,53,112,77.57,9940,7.45,
2020-05-17 00:00:00,9.11,52,61,57.39,269,0.23,
2020-05-18 00:00:00,0.033,,,,,,
2020-05-19 00:00:00,293.05,59,101,73.67,1412,1.08,
2020-05-20 00:00:00,17.12,53,99,60.52,169,0.139,
2020-05-21 00:00:00,,,,,232,0.195,
2020-05-22 00:00:00,493.54,55,114,76.34,1153,0.882,
2020-05-23 00:00:00,1176,54,151,76.83,4722,3.77,
2020-05-24 00:00:00,1085,59,149,81.28,3020,2.38,
2020-05-25 00:00:00,5.74,59,70,64.6,38,0.034,
2020-05-26 00:00:00,101.51,62,88,75.8,473,0.326,
2020-05-27 00:00:00,802,58,102,79.53,2086,1.7,
2020-05-28 00:00:00,1151,61,176,98.81,6863,5.25,
2020-05-29 00:00:00,335.25,53,115,72.64,1793,1.37,
2020-05-30 00:00:00,995.51,54,180,90.26,4417,3.28,
2020-05-31 00:00:00,396.06,62,95,77.61,919,0.698,
2020-06-01 00:00:00,7.3,,,,337,0.22,
2020-06-02 00:00:00,10,,,,255,0.168,
2020-06-03 00:00:00,908.47,65,107,81.44,3210,2.43,
2020-06-04 00:00:00,344.48,55,101,78.79,807.83,0.61,
2020-06-05 00:00:00,649.89,53,103,70.38,1301,1.04,
2020-06-06 00:00:00,325.33,58,94,74.05,1881,1.47,
2020-06-07 00:00:00,,,,,100,0.064,
2020-06-08 00:00:00,521.67,60,103,78.22,1585,1.28,
2020-06-09 00:00:00,2.28,65,74,67.86,109,0.07,
2020-06-10 00:00:00,539.31,52,102,71.12,1648,1.21,
2020-06-11 00:00:00,486.24,56,112,73.01,439,0.344,
2020-06-12 00:00:00,1129,61,136,83.25,6384,4.89,
2020-06-13 00:00:00,695.21,58,170,86.96,4112,3.16,
2020-06-14 00:00:00,583.1,55,113,71.24,3671,2.77,
2020-06-15 00:00:00,127.76,53,90,65.18,632,0.467,
2020-06-16 00:00:00,674.46,51,106,67.2,935,0.742,
2020-06-17 00:00:00,20.43,61,69,65.14,163,0.109,
2020-06-18 00:00:00,149.89,54,102,70.23,403,0.253,
2020-06-19 00:00:00,,,,,487,0.297,
2020-06-20 00:00:00,,,,,76,0.055,
2020-06-21 00:00:00,1110,52,149,86.19,7375,5.58,
2020-06-22 00:00:00,,,,,154,0.111,
2020-06-23 00:00:00,380.54,54,101,72.21,669,0.519,
2020-06-24 00:00:00,546.37,58,102,77.22,1949,1.49,
2020-06-25 00:00:00,1007,65,112,84.25,6067,4.85,
2020-06-26 00:00:00,1049,64,119,82.69,6606,4.98,
2020-06-27 00:00:00,,,,,318,0.215,
2020-06-28 00:00:00,260.79,61,93,76.4,697,0.539,
2020-06-29 00:00:00,658.01,51,102,71.32,2268,1.83,
2020-06-30 00:00:00,840.79,49,129,67.23,6572,4.96,
2020-07-01 00:00:00,1067,55,109,76.62,6374,4.96,
2020-07-02 00:00:00,39.33,51,117,60.85,254,0.167,
2020-07-03 00:00:00,945.96,51,104,74.21,5494,4.24,
2020-07-04 00:00:00,14.06,50,73,59.25,102,0.072,
2020-07-05 00:00:00,866.93,51,106,75.86,5942,4.42,
2020-07-06 00:00:00,904.17,49,144,77.84,5755,4.53,
2020-07-07 00:00:00,,,,,96,0.075,
2020-07-08 00:00:00,,,,,539,0.403,
2020-07-09 00:00:00,589.9,59,106,78.58,1168,0.91,
2020-07-10 00:00:00,314.5,39,99,64.06,1344,1.02,
2020-07-11 00:00:00,994.92,51,152,76.97,3720,3.59,
2020-07-12 00:00:00,1311,56,162,93.09,3032,2.83,
2020-07-13 00:00:00,726.31,54,73,64.43,1750,1.39,
2020-07-14 00:00:00,1699,55,117,71.3,9295,8.1,
2020-07-15 00:00:00,1266,58,129,81.18,9033,7.57,
2020-07-16 00:00:00,125.21,52,116,70.23,845,0.666,
2020-07-17 00:00:00,509.62,58,93,73.88,1967,1.49,
2020-07-18 00:00:00,846.42,55,102,73.04,4946,3.69,
2020-07-19 00:00:00,779.68,51,104,67.24,4694,3.55,
2020-07-20 00:00:00,1176,51,99,67.66,10438,7.72,
2020-07-21 00:00:00,,,,,279,0.202,
2020-07-22 00:00:00,669.82,65,104,81.49,5430,4.01,
2020-07-23 00:00:00,456.93,56,90,73.64,1715,1.32,
2020-07-24 00:00:00,439.45,55,98,74.89,1520,1.18,
2020-07-25 00:00:00,1784,64,113,81.47,5735,4.79,
2020-07-26 00:00:00,4.63,55,129,73.45,98.1,0.077,
2020-07-27 00:00:00,1503,54,117,70.64,11159,9.27,
2020-07-28 00:00:00,,,,,,,
2020-07-29 00:00:00,,,,,1290,0.958,
2020-07-30 00:00:00,1664,61,103,81.63,10400,8.8,
2020-07-31 00:00:00,,,,,8,0.004,
2020-08-01 00:00:00,998.84,61,115,83.06,4182,3.61,
2020-08-02 00:00:00,1551,62,98,79.53,10140,8.16,
2020-08-03 00:00:00,,,,,16,0.014,
2020-08-04 00:00:00,2119,52,124,70.53,12702,11.59,
2020-08-05 00:00:00,587.23,60,113,77.95,2403,2.19,
2020-08-06 00:00:00,467.01,51,97,65.55,2891,2.11,
2020-08-07 00:00:00,523.56,58,106,80.18,2038,1.72,
2020-08-08 00:00:00,33.92,50,89,60.39,2606,2.15,
2020-08-09 00:00:00,0.556,,,,177,0.118,
2020-08-10 00:00:00,6.04,,,,246,0.205,
2020-08-11 00:00:00,626.3,60,106,81.72,3322,2.47,
2020-08-12 00:00:00,931.94,59,101,76.38,2055,1.59,
2020-08-13 00:00:00,701.12,56,118,77.66,4253,3.19,
2020-08-14 00:00:00,592.35,49,97,62.51,3623,2.95,
2020-08-15 00:00:00,849.13,52,89,65.97,4259,3.07,
2020-08-16 00:00:00,899.53,47,97,64.4,5079,4.11,
2020-08-17 00:00:00,792.69,55,105,73.77,3808,3.34,
2020-08-18 00:00:00,,,,,222,0.162,
2020-08-19 00:00:00,,,,,156,0.139,
2020-08-20 00:00:00,1658,49,167,89.66,8011,6.75,
2020-08-21 00:00:00,20.79,54,75,60.77,226,0.172,
2020-08-22 00:00:00,,,,,339,0.273,
2020-08-23 00:00:00,,,,,213,0.165,
2020-08-24 00:00:00,,,,,177,0.127,
2020-08-25 00:00:00,,,,,280,0.208,
2020-08-26 00:00:00,,,,,125,0.091,
2020-08-27 00:00:00,960.74,52,106,72.27,5788,4.45,
2020-08-28 00:00:00,484.09,49,139,67.57,2164,2.14,
2020-08-29 00:00:00,15.32,50,69,56.74,348,0.253,
2020-08-30 00:00:00,,,,,52,0.044,
2020-08-31 00:00:00,743.08,54,99,73.67,2657,2.02,
2020-09-01 00:00:00,687.37,51,72,58.37,1040,0.695,
2020-09-02 00:00:00,882.46,52,99,74.85,2777,2.2,
2020-09-03 00:00:00,84.78,49,99,60.94,391,0.293,
2020-09-04 00:00:00,1239,49,127,72.81,8440,6.55,
2020-09-05 00:00:00,11.03,51,102,57.07,159,0.118,
2020-09-06 00:00:00,,,,,169,0.124,
2020-09-07 00:00:00,1298,61,117,87.71,8958,6.84,
2020-09-08 00:00:00,1944,60,206,101.38,12176,10.02,
2020-09-09 00:00:00,1274,54,116,81.62,9086,6.81,
2020-09-10 00:00:00,9.27,51,89,62.76,218,0.168,
2020-09-11 00:00:00,,,,,27,0.019,
2020-09-12 00:00:00,,,,,7,0.005,
2020-09-13 00:00:00,,,,,277,0.19,
2020-09-14 00:00:00,854.63,54,130,79.71,5312,4.12,
2020-09-15 00:00:00,1488,51,115,74.02,9545,7.5,
2020-09-16 00:00:00,612.91,54,101,73.41,5599,4.25,
2020-09-17 00:00:00,,,,,8,0.005,
2020-09-18 00:00:00,,,,,62,0.043,
2020-09-19 00:00:00,,,,,110,0.089,
2020-09-20 00:00:00,,,,,397,0.295,
2020-09-21 00:00:00,1352,57,120,83.78,8567,6.54,
2020-09-22 00:00:00,1808,67,129,87.82,11518,9.06,
2020-09-23 00:00:00,1293,54,112,78.3,10378,7.78,
2020-09-24 00:00:00,1248,50,117,73.04,8824,6.75,
2020-09-25 00:00:00,,,,,131,0.099,
2020-09-26 00:00:00,,,,,503,0.361,
2020-09-27 00:00:00,,,,,24,0.019,
2020-09-28 00:00:00,1288,47,127,81.02,8485,6.52,
2020-09-29 00:00:00,,,,,22,0.012,
2020-09-30 00:00:00,660.24,65,104,83.7,6614,5.06,
2020-10-01 00:00:00,,,,,6142,4.74,
2020-10-02 00:00:00,,,,,6126,4.73,
2020-10-03 00:00:00,,,,,219,0.146,
2020-10-04 00:00:00,,,,,314,0.272,
2020-10-05 00:00:00,,,,,1,0.001,
2020-10-06 00:00:00,,,,,22,0.018,
2020-10-07 00:00:00,,,,,397,0.282,
2020-10-08 00:00:00,1132,53,109,75.26,7725,5.91,
2020-10-09 00:00:00,1225,53,136,75.14,8458,6.45,
2020-10-10 00:00:00,180.92,53,97,59.32,954,0.739,
2020-10-11 00:00:00,446.58,55,107,76.36,1994,1.52,
2020-10-12 00:00:00,1296,50,112,72.72,8123,6.21,
2020-10-13 00:00:00,1571,69,113,82.3,10196,8.13,
2020-10-14 00:00:00,1204,54,116,80.46,7632,5.96,
2020-10-15 00:00:00,1077,49,115,74.4,6102,4.67,
2020-10-16 00:00:00,299.29,59,97,73.16,2425,1.81,
2020-10-17 00:00:00,549.02,54,114,67.31,3839,2.85,
2020-10-18 00:00:00,754.29,54,145,72.53,4578,3.41,
2020-10-19 00:00:00,1110,53,113,77.14,6669,4.99,
2020-10-20 00:00:00,6.78,52,64,56.43,28,0.019,
2020-10-21 00:00:00,,,,,180,0.127,
2020-10-22 00:00:00,,,,,230,0.184,
2020-10-23 00:00:00,,,,,686,0.507,
2020-10-24 00:00:00,,,,,628,0.525,
2020-10-25 00:00:00,,,,,78,0.053,
2020-10-26 00:00:00,578.29,67,67,67,1174,0.822,
2020-10-27 00:00:00,703.89,67,116,87,7205,5.45,
2020-10-28 00:00:00,735.23,58,103,75.51,5396,4.02,
2020-10-29 00:00:00,,,,,73,0.056,
2020-10-30 00:00:00,,,,,,,
2020-10-31 00:00:00,,,,,149,0.116,
2020-11-01 00:00:00,,,,,61,0.05,
2020-11-02 00:00:00,,,,,25,0.017,
2020-11-03 00:00:00,,,,,41,0.031,
2020-11-04 00:00:00,1557,60,116,88.89,11845,9.05,
2020-11-05 00:00:00,1111,52,99,77.32,7769,6.03,
2020-11-06 00:00:00,1515,54,121,79.33,12129,9.19,
2020-11-07 00:00:00,38.94,52,115,64.55,286,0.223,
2020-11-08 00:00:00,,,,,,,
2020-11-09 00:00:00,1338,57,136,84.2,8016,6.16,
2020-11-10 00:00:00,1796,59,126,81.06,11398,9.08,
2020-11-11 00:00:00,17.7,52,121,64.17,113,0.082,
2020-11-12 00:00:00,,,,,37,0.025,
2020-11-13 00:00:00,1182,53,109,77.68,8916,6.78,
2020-11-14 00:00:00,17.88,49,114,59.47,183,0.141,
2020-11-15 00:00:00,0.063,,,,621,0.504,
2020-11-16 00:00:00,245.66,51,90,71.25,6042,4.19,
2020-11-17 00:00:00,,,,,6309,4.09,
2020-11-18 00:00:00,,,,,5823,3.85,
2020-11-19 00:00:00,,,,,5578,3.7,
2020-11-20 00:00:00,217.28,56,97,70.63,4921,3.29,
2020-11-21 00:00:00,1.17,57,110,70.21,266,0.159,
2020-11-22 00:00:00,,,,,3466,1.98,
2020-11-23 00:00:00,1157,50,115,80.34,7457,5.73,
2020-11-24 00:00:00,1689,64,147,85.39,10833,8.6,
2020-11-25 00:00:00,1256,61,104,81.77,7912,5.99,
2020-11-26 00:00:00,1085,58,100,77.95,7155,5.44,
2020-11-27 00:00:00,1481,56,104,75.18,11823,8.96,
2020-11-28 00:00:00,815.83,52,113,68.3,6218,4.64,
2020-11-29 00:00:00,,,,,16,0.007,
2020-11-30 00:00:00,,,,,,,
2020-12-01 00:00:00,,,,,,,
2020-12-02 00:00:00,,,,,7535,5.16,
2020-12-03 00:00:00,741.48,61,113,78.37,6667,5.03,
2020-12-04 00:00:00,7.24,74,107,89,692,0.457,
2020-12-05 00:00:00,1101,49,102,72.82,9435,6.9,
2020-12-06 00:00:00,1.53,50,50,50,183,0.132,
2020-12-07 00:00:00,1340,56,114,77.76,8737,6.58,
2020-12-08 00:00:00,1296,50,113,71.23,8660,6.53,
2020-12-09 00:00:00,11.82,51,93,57.13,42.09,0.025,
2020-12-10 00:00:00,,,,,77.21,0.045,
2020-12-11 00:00:00,999.59,60,121,80.54,6326,4.86,
2020-12-12 00:00:00,534.8,58,104,74.23,1799,1.41,
2020-12-13 00:00:00,865.41,60,113,78.81,6455,4.76,
2020-12-14 00:00:00,,,,,309.93,0.207,
2020-12-15 00:00:00,1027,56,130,76.71,5788,4.65,
2020-12-16 00:00:00,32.61,51,89,59.39,850.79,0.54,
2020-12-17 00:00:00,698.02,49,109,78.49,4096,3.1,
2020-12-18 00:00:00,579.7,50,102,65.08,3566,2.62,
2020-12-19 00:00:00,466.09,46,104,66.1,4774,3.45,
2020-12-20 00:00:00,658.32,50,131,68.02,2063,1.54,
2020-12-21 00:00:00,618.75,49,101,66.58,2810,2.16,
2020-12-22 00:00:00,,,,,1350,0.96,
2020-12-23 00:00:00,,,,,392.95,0.24,
2020-12-24 00:00:00,,,,,413.97,0.268,
2020-12-25 00:00:00,,,,,541.86,0.335,
2020-12-26 00:00:00,749.62,56,95,72.99,5221,3.98,
2020-12-27 00:00:00,,,,,153.04,0.096,
2020-12-28 00:00:00,,,,,125.14,0.08,
2020-12-29 00:00:00,0.561,,,,478.9,0.322,
2020-12-30 00:00:00,,,,,440.97,0.295,
2020-12-31 00:00:00,,,,,380,0.231,
2021-01-01 00:00:00,30.11,50,111,78.93,209.97,0.152,
2021-01-02 00:00:00,3.61,,,,59.19,0.041,
2021-01-03 00:00:00,,,,,228.97,0.152,
2021-01-04 00:00:00,,,,,340,0.24,
2021-01-05 00:00:00,1110,57,113,76.27,6987,5.28,
2021-01-06 00:00:00,,,,,3980,2.3,
2021-01-07 00:00:00,830.47,54,103,76.55,5295,3.96,
2021-01-08 00:00:00,255.28,54,103,64.94,2554,1.86,
2021-01-09 00:00:00,,,,,157,0.098,
2021-01-10 00:00:00,,,,,154,0.105,
2021-01-11 00:00:00,776.3,61,130,80.65,4791,3.58,
2021-01-12 00:00:00,737.53,66,121,79,5800,4.43,
2021-01-13 00:00:00,795.94,54,101,74.88,5636,4.24,
2021-01-14 00:00:00,715.72,58,95,75.48,4682,3.67,
2021-01-15 00:00:00,936.67,55,100,73.93,6699,5.2,
2021-01-16 00:00:00,433.9,58,100,78.31,1497,1.14,
2021-01-17 00:00:00,631.03,59,97,77.03,4287,3.28,
2021-01-18 00:00:00,716.93,58,101,78.95,4570,3.59,
2021-01-19 00:00:00,,,,,91,0.067,
2021-01-20 00:00:00,,,,,293,0.205,
2021-01-21 00:00:00,,,,,282,0.174,
2021-01-22 00:00:00,1239,61,112,80.63,6554,5.16,
2021-01-23 00:00:00,,,,,62,0.037,
2021-01-24 00:00:00,,,,,116,0.065,
2021-01-25 00:00:00,,,,,82,0.057,
2021-01-26 00:00:00,,,,,138,0.081,
2021-01-27 00:00:00,,,,,,,
2021-01-28 00:00:00,,,,,196,0.108,
2021-01-29 00:00:00,,,,,155,0.106,
2021-01-30 00:00:00,,,,,497,0.321,
2021-01-31 00:00:00,116.36,56,98,72.94,664,0.425,
2021-02-01 00:00:00,12.79,53,68,59.42,353,0.242,
2021-02-02 00:00:00,596.55,55,110,79.02,4074,3.02,
2021-02-03 00:00:00,138.49,60,104,77.53,669,0.508,
2021-02-04 00:00:00,,,,,324,0.188,
2021-02-05 00:00:00,,,,,54,0.031,
2021-02-06 00:00:00,739.17,54,103,77.3,3921,3.03,
2021-02-07 00:00:00,28.19,52,113,61.09,38,0.03,
2021-02-08 00:00:00,,,,,51,0.031,
2021-02-09 00:00:00,,,,,282,0.161,
2021-02-10 00:00:00,,,,,55,0.038,
2021-02-11 00:00:00,,,,,28,0.02,
2021-02-12 00:00:00,,,,,46,0.031,
2021-02-13 00:00:00,,,,,157,0.088,
2021-02-14 00:00:00,,,,,377,0.22,
2021-02-15 00:00:00,,,,,327,0.198,
2021-02-16 00:00:00,,,,,161,0.095,
2021-02-17 00:00:00,,,,,174,0.11,
2021-02-18 00:00:00,,,,,248,0.161,
2021-02-19 00:00:00,,,,,22,0.016,
2021-02-20 00:00:00,,,,,574,0.354,
2021-02-21 00:00:00,,,,,63,0.042,
2021-02-22 00:00:00,,,,,69,0.047,
2021-02-23 00:00:00,,,,,115,0.068,
2021-02-24 00:00:00,,,,,100,0.081,
2021-02-25 00:00:00,392.3,63,102,80.86,6143,3.79,
2021-02-26 00:00:00,,,,,201,0.124,
2021-02-27 00:00:00,,,,,90,0.064,
2021-02-28 00:00:00,,,,,179,0.11,
2021-03-01 00:00:00,,,,,38,0.027,
2021-03-02 00:00:00,,,,,87,0.061,
2021-03-03 00:00:00,,,,,,,
2021-03-04 00:00:00,,,,,38,0.027,
2021-03-05 00:00:00,,,,,52,0.035,
2021-03-06 00:00:00,,,,,97,0.059,
2021-03-07 00:00:00,,,,,3071,1.63,
2021-03-08 00:00:00,824.8,61,100,81.66,6633,5.22,
2021-03-09 00:00:00,1165,57,121,80.47,6739,5.03,
2021-03-10 00:00:00,,,,,16,0.006,
2021-03-11 00:00:00,1372,58,106,82.08,8615,6.44,
2021-03-12 00:00:00,1333,58,122,80.04,8506,6.37,
2021-03-13 00:00:00,316.01,53,129,69.82,1036,0.778,
2021-03-14 00:00:00,,,,,380,0.23,
2021-03-15 00:00:00,1081,61,106,82.73,6776,5.13,
2021-03-16 00:00:00,954.75,61,105,79.18,6518,4.85,
2021-03-17 00:00:00,1016,53,116,75.31,6020,4.55,
2021-03-18 00:00:00,1089,50,101,68.93,7989,6.02,
2021-03-19 00:00:00,989.91,52,97,74.79,9838,7.47,
2021-03-20 00:00:00,522.4,52,113,70.77,3797,2.86,
2021-03-21 00:00:00,773.35,49,112,68.52,4469,3.42,
2021-03-22 00:00:00,1228,61,106,84.98,9021,6.88,
2021-03-23 00:00:00,,,,,23,0.01,
2021-03-24 00:00:00,1133,56,114,74.05,8186,6.28,
2021-03-25 00:00:00,1083,51,105,71.42,8232,6.28,
2021-03-26 00:00:00,1060,54,106,75.84,6614,5.07,
2021-03-27 00:00:00,17.65,49,112,58.58,340,0.212,
2021-03-28 00:00:00,,,,,100,0.073,
2021-03-29 00:00:00,,,,,150,0.101,
2021-03-30 00:00:00,,,,,145,0.102,
2021-03-31 00:00:00,,,,,114,0.079,
2021-04-01 00:00:00,,,,,282,0.172,
2021-04-02 00:00:00,705.72,56,107,79.21,4118,3.14,
2021-04-03 00:00:00,18.3,60,79,68,42,0.032,
2021-04-04 00:00:00,,,,,8,0.005,
2021-04-05 00:00:00,658.66,60,95,78.14,4170,3.3,
2021-04-06 00:00:00,,,,,509,0.297,
2021-04-07 00:00:00,,,,,362,0.209,
2021-04-08 00:00:00,1171,44,113,79.93,6479,4.93,
2021-04-09 00:00:00,,,,,113,0.066,
2021-04-10 00:00:00,,,,,131,0.078,
2021-04-11 00:00:00,,,,,130,0.076,
2021-04-12 00:00:00,0.201,,,,,,
2021-04-13 00:00:00,834.56,54,105,77.88,7230,5.37,
2021-04-14 00:00:00,,,,,55,0.037,
2021-04-15 00:00:00,,,,,1264,0.729,
2021-04-16 00:00:00,,,,,127,0.074,
2021-04-17 00:00:00,550.93,58,102,79.05,1750,1.3,
2021-04-18 00:00:00,19.44,75,89,79.75,375,0.245,
2021-04-19 00:00:00,,,,,297,0.19,
2021-04-20 00:00:00,2216,58,181,98.57,10846,8.38,
2021-04-21 00:00:00,1049,59,113,80.3,6743,5.16,
2021-04-22 00:00:00,1050,54,121,77.19,7877,5.99,
2021-04-23 00:00:00,1137,71,107,87.57,7849,5.99,
2021-04-24 00:00:00,,,,,167,0.113,
2021-04-25 00:00:00,,,,,20,0.014,
2021-04-26 00:00:00,992.82,52,112,77.29,6696,5.07,
2021-04-27 00:00:00,1066,52,102,72.23,7172,5.38,
2021-04-28 00:00:00,1051,61,113,84.09,6792,5.22,
2021-04-29 00:00:00,1089,54,112,75.56,7816,5.95,
2021-04-30 00:00:00,24.39,49,85,58.4,84,0.066,
2021-05-01 00:00:00,,,,,440,0.279,
2021-05-02 00:00:00,955.4,56,98,75.49,10555,7.6,
2021-05-03 00:00:00,559.75,55,112,76.27,2138,1.65,
2021-05-04 00:00:00,1061,58,126,80.51,7056,5.37,
2021-05-05 00:00:00,,,,,5768,3.94,
2021-05-06 00:00:00,,,,,,,
2021-05-07 00:00:00,,,,,50,0.036,
2021-05-08 00:00:00,,,,,513,0.32,
2021-05-09 00:00:00,,,,,164,0.091,
2021-05-10 00:00:00,1254,56,116,80.69,7379,5.52,
2021-05-11 00:00:00,922.08,51,113,73.57,6609,4.9,
2021-05-12 00:00:00,1061,59,99,80.57,7275,5.46,
2021-05-13 00:00:00,1164,59,110,80.28,8793,6.58,
2021-05-14 00:00:00,1319,62,116,79.43,8591,6.53,
2021-05-15 00:00:00,544.76,57,101,75.41,1893,1.4,
2021-05-16 00:00:00,533.61,51,104,69.12,1975,1.5,
2021-05-17 00:00:00,,,,,29,0.017,
2021-05-18 00:00:00,,,,,14,0.01,
2021-05-19 00:00:00,953.96,36,134,80.5,6366,4.79,
2021-05-20 00:00:00,1101,56,106,79.11,7451,5.72,
2021-05-21 00:00:00,1120,61,104,81.03,6910,5.18,
2021-05-22 00:00:00,,,,,270,0.16,
2021-05-23 00:00:00,,,,,165,0.115,
2021-05-24 00:00:00,1282,54,113,79.34,8032,6.1,
2021-05-25 00:00:00,1116,50,117,70.81,7226,5.46,
2021-05-26 00:00:00,14.77,51,101,57.42,165,0.117,
2021-05-27 00:00:00,1263,61,121,82.8,8841,6.69,
2021-05-28 00:00:00,907.85,55,104,73.98,5623,4.28,
2021-05-29 00:00:00,589.35,66,99,80.43,1904,1.46,
2021-05-30 00:00:00,121.61,55,83,67.08,549,0.36,
2021-05-31 00:00:00,,,,,834,0.544,
2021-06-01 00:00:00,,,,,201,0.122,
2021-06-02 00:00:00,,,,,362,0.22,
2021-06-03 00:00:00,720.77,65,103,82.62,3456,2.65,
2021-06-04 00:00:00,,,,,253,0.146,
2021-06-05 00:00:00,815.61,55,109,79.47,3372,2.6,
2021-06-06 00:00:00,287.55,61,106,84.33,1357,1.02,
2021-06-07 00:00:00,3.98,,,,306,0.185,
2021-06-08 00:00:00,623.64,66,99,82.38,5025,3.64,
2021-06-09 00:00:00,957.12,61,117,82.64,5652,4.32,
2021-06-10 00:00:00,1145,65,129,81.39,7942,5.97,
2021-06-11 00:00:00,1043,45,107,77.1,6578,4.95,
2021-06-12 00:00:00,,,,,48,0.036,
2021-06-13 00:00:00,,,,,367,0.218,
2021-06-14 00:00:00,,,,,30,0.015,
2021-06-15 00:00:00,,,,,,,
2021-06-16 00:00:00,1180,63,124,84.84,7561,5.8,
2021-06-17 00:00:00,1151,61,106,81.91,7413,5.56,
2021-06-18 00:00:00,1237,51,112,74.91,8846,6.66,
2021-06-19 00:00:00,28.97,50,75,59.66,105,0.086,
2021-06-20 00:00:00,475.22,57,102,75.12,2661,2.03,
2021-06-21 00:00:00,505.13,54,112,73.96,1387,1.02,
2021-06-22 00:00:00,1089,56,104,81.22,7843,5.91,
2021-06-23 00:00:00,1093,53,114,75.03,7147,5.5,
2021-06-24 00:00:00,1294,50,103,73.06,11390,8.49,
2021-06-25 00:00:00,1923,61,157,130,23253,18.34,
2021-06-26 00:00:00,,,,,406,0.32,
2021-06-27 00:00:00,,,,,813,0.603,
2021-06-28 00:00:00,2393,53,121,75.11,26045,19.39,
2021-06-29 00:00:00,4.49,54,113,63.49,490,0.36,
2021-06-30 00:00:00,,,,,158,0.126,
2021-07-01 00:00:00,1312,64,105,84.94,8311,6.54,
2021-07-02 00:00:00,1324,61,104,78.92,8832,6.7,
2021-07-03 00:00:00,,,,,100,0.08,
2021-07-04 00:00:00,298.82,54,88,72.29,1488,1.12,
2021-07-05 00:00:00,1201,53,117,77.67,8211,6.32,
2021-07-06 00:00:00,1337,50,107,71.88,9126,6.96,
2021-07-07 00:00:00,497.08,51,115,68.7,2141,1.78,
2021-07-08 00:00:00,531.97,55,102,75.49,3482,2.65,
2021-07-09 00:00:00,,,,,156,0.106,
2021-07-10 00:00:00,1189,56,112,77.67,8156,6.07,
2021-07-11 00:00:00,664.82,58,113,74.92,5137,3.78,
2021-07-12 00:00:00,,,,,316,0.232,
2021-07-13 00:00:00,,,,,5114,4.05,
2021-07-14 00:00:00,73.14,54,79,64.75,1863,1.3,
2021-07-15 00:00:00,163.52,51,104,62.79,6468,5.72,
2021-07-16 00:00:00,292.35,61,90,76.76,3484,2.58,
2021-07-17 00:00:00,848.98,55,112,76.9,4154,2.98,
2021-07-18 00:00:00,143.49,51,97,64.66,353,0.278,
2021-07-19 00:00:00,,,,,6022,3.96,
2021-07-20 00:00:00,,,,,434,0.297,
2021-07-21 00:00:00,565.66,65,121,82.47,2515,1.97,
2021-07-22 00:00:00,453.54,50,115,77.35,1871,1.33,
2021-07-23 00:00:00,587.58,52,99,66.48,2890,2.11,
2021-07-24 00:00:00,,,,,,,
2021-07-25 00:00:00,626.34,,,,852,0.638,
2021-07-26 00:00:00,598.96,57,102,77.09,2511,2.01,
2021-07-27 00:00:00,1228,43,113,78.11,7777,6.03,
2021-07-28 00:00:00,503.16,50,102,69.47,1671,1.29,
2021-07-29 00:00:00,460.19,53,110,67.19,2260,1.79,
2021-07-30 00:00:00,,,,,1337,0.919,
2021-07-31 00:00:00,46.23,65,97,76.9,4751,3.14,
2021-08-01 00:00:00,,,,,20,0.017,
2021-08-02 00:00:00,,,,,3674,2.74,
2021-08-03 00:00:00,315.68,63,114,80.54,3893,2.98,
2021-08-04 00:00:00,1056,59,115,78.76,8769,6.77,
2021-08-05 00:00:00,,,,,769,0.467,
2021-08-06 00:00:00,1087,58,159,77.26,6218,4.59,
2021-08-07 00:00:00,747.09,53,106,67.8,5286,3.92,
2021-08-08 00:00:00,867.38,51,137,72.44,5789,4.28,
2021-08-09 00:00:00,87.32,53,106,66.61,351,0.268,
2021-08-10 00:00:00,264.2,60,100,76.06,1232,0.799,
2021-08-11 00:00:00,550.79,59,99,78.77,2098,1.63,
2021-08-12 00:00:00,496.91,63,180,99.84,3546,2.58,
2021-08-13 00:00:00,,,,,229,0.148,
2021-08-14 00:00:00,,,,,28,0.017,
2021-08-15 00:00:00,,,,,848,0.526,
2021-08-16 00:00:00,,,,,253,0.163,
2021-08-17 00:00:00,,,,,1300,0.882,
2021-08-18 00:00:00,,,,,181,0.114,
2021-08-19 00:00:00,0.042,,,,71,0.048,
2021-08-20 00:00:00,,,,,261,0.15,
2021-08-21 00:00:00,,,,,116,0.072,
2021-08-22 00:00:00,,,,,446,0.26,
2021-08-23 00:00:00,,,,,172,0.113,
2021-08-24 00:00:00,,,,,264,0.164,
2021-08-25 00:00:00,,,,,1900,1.26,
2021-08-26 00:00:00,213.87,65,102,77.02,1401,1.05,
2021-08-27 00:00:00,800.01,46,139,78.63,3954,3.05,
2021-08-28 00:00:00,1057,55,107,73.61,7048,5.37,
2021-08-29 00:00:00,,,,,67,0.048,
2021-08-30 00:00:00,,,,,65,0.041,
2021-08-31 00:00:00,534.09,60,104,80.09,3757,2.82,
2021-09-01 00:00:00,459.39,55,105,78.22,2220,1.7,
2021-09-02 00:00:00,1275,56,116,81.45,9334,7.14,
2021-09-03 00:00:00,1353,61,113,81.84,8422,6.46,
2021-09-04 00:00:00,522.79,55,113,68.6,3370,2.56,
2021-09-05 00:00:00,266.74,57,103,71.19,840,0.604,
2021-09-06 00:00:00,1239,59,121,81.58,9238,7.01,
2021-09-07 00:00:00,1243,54,112,73.95,9934,7.72,
2021-09-08 00:00:00,1161,51,107,73.81,9193,7.08,
2021-09-09 00:00:00,1006,67,119,84.49,7601,5.8,
2021-09-10 00:00:00,1120,63,117,82.31,7266,5.68,
2021-09-11 00:00:00,484.94,55,116,72.21,2245,1.79,
2021-09-12 00:00:00,195.26,52,104,63.58,637,0.438,
2021-09-13 00:00:00,1281,54,110,79.49,8547,6.57,
2021-09-14 00:00:00,1469,49,121,76.8,9478,7.27,
2021-09-15 00:00:00,1186,61,106,82.29,7874,6.08,
2021-09-16 00:00:00,1300,54,129,78.64,8057,6.25,
2021-09-17 00:00:00,1199,51,116,69.67,8556,6.62,
2021-09-18 00:00:00,,,,,210,0.129,
2021-09-19 00:00:00,,,,,224,0.147,
2021-09-20 00:00:00,,,,,25,0.017,
2021-09-21 00:00:00,1128,52,107,77.34,7042,5.45,
2021-09-22 00:00:00,1559,51,112,71.45,10059,7.81,
2021-09-23 00:00:00,1152,65,114,82.87,7534,5.77,
2021-09-24 00:00:00,983.56,56,102,79.82,6468,5.03,
2021-09-25 00:00:00,,,,,227,0.136,
2021-09-26 00:00:00,,,,,177,0.103,
2021-09-27 00:00:00,1205,54,116,84.6,8583,6.57,
2021-09-28 00:00:00,194.14,59,98,78.26,1127,0.783,
2021-09-29 00:00:00,,,,,609,0.376,
2021-09-30 00:00:00,,,,,241,0.148,
2021-10-01 00:00:00,1049,55,103,75.33,9560,7.16,
2021-10-02 00:00:00,76.48,53,89,63.41,383,0.277,
2021-10-03 00:00:00,,,,,267,0.168,
2021-10-04 00:00:00,1304,66,107,86.8,8149,6.27,
2021-10-05 00:00:00,1219,59,119,77.35,7597,5.88,
2021-10-06 00:00:00,1043,53,114,74.62,5881,4.52,
2021-10-07 00:00:00,1338,57,129,75.1,6740,5.33,
2021-10-08 00:00:00,1338,54,114,77.58,8589,6.61,
2021-10-09 00:00:00,,,,,12,0.008,
2021-10-10 00:00:00,679.06,63,140,97.62,4753,3.78,
2021-10-11 00:00:00,1461,55,105,77.82,9246,7.24,
2021-10-12 00:00:00,1259,52,115,74.79,8858,6.87,
2021-10-13 00:00:00,1100,51,104,78.43,6337,4.91,
2021-10-14 00:00:00,1434,58,111,82.46,9730,7.59,
2021-10-15 00:00:00,1337,58,119,80.77,9176,7.09,
2021-10-16 00:00:00,69.5,57,120,69.13,702,0.471,
2021-10-17 00:00:00,577.22,55,98,70.14,2992,2.28,
2021-10-18 00:00:00,353.81,49,102,67.49,1405,1.06,
2021-10-19 00:00:00,,,,,594,0.362,
2021-10-20 00:00:00,308.11,64,99,77.65,2841,2.15,
2021-10-21 00:00:00,878.51,52,109,72.47,5170,3.93,
2021-10-22 00:00:00,592.77,49,106,64.01,5019,3.79,
2021-10-23 00:00:00,33.28,49,100,57.29,156,0.113,
2021-10-24 00:00:00,,,,,687,0.461,
2021-10-25 00:00:00,784.6,55,98,74.2,4529,3.48,
2021-10-26 00:00:00,536.86,49,99,66.74,2092,1.6,
2021-10-27 00:00:00,463.85,52,100,68.91,1405,1.09,
2021-10-28 00:00:00,982.23,53,107,72.44,8564,6.52,
2021-10-29 00:00:00,1138,63,112,81.5,5681,4.79,
2021-10-30 00:00:00,,,,,8,0.006,
2021-10-31 00:00:00,,,,,175,0.099,
2021-11-01 00:00:00,1329,56,121,78.6,7408,5.73,
2021-11-02 00:00:00,1424,62,106,82.5,8505,6.61,
2021-11-03 00:00:00,1268,54,106,80.07,6986,5.51,
2021-11-04 00:00:00,1209,51,112,75.09,7273,5.71,
2021-11-05 00:00:00,1368,52,121,72.24,8109,6.36,
2021-11-06 00:00:00,,,,,239,0.138,
2021-11-07 00:00:00,454.66,49,99,67.22,3301,2.51,
2021-11-08 00:00:00,1421,60,117,78.11,9368,7.32,
2021-11-09 00:00:00,1319,53,112,75.51,8654,6.83,
2021-11-10 00:00:00,1299,51,116,71.32,7085,5.56,
2021-11-11 00:00:00,959.94,49,138,69.12,6013,4.84,
2021-11-12 00:00:00,1340,54,102,72.96,8286,6.43,
2021-11-13 00:00:00,244.04,50,115,70.96,497.8,0.371,
2021-11-14 00:00:00,,,,,372,0.244,
2021-11-15 00:00:00,1448,59,115,79.52,9564,7.45,
2021-11-16 00:00:00,1633,55,122,78.29,10292,7.99,
2021-11-17 00:00:00,37.08,55,115,66.34,135.27,0.099,
2021-11-18 00:00:00,,,,,49,0.036,
2021-11-19 00:00:00,,,,,302,0.172,
2021-11-20 00:00:00,494.54,58,113,82.24,1496,1.15,
2021-11-21 00:00:00,,,,,768,0.471,
2021-11-22 00:00:00,,,,,396,0.248,
2021-11-23 00:00:00,1123,52,113,76.69,7039,5.47,
2021-11-24 00:00:00,1377,52,136,82.11,9777,7.54,
2021-11-25 00:00:00,,,,,102,0.067,
2021-11-26 00:00:00,,,,,906,0.561,
2021-11-27 00:00:00,881.25,53,104,77.23,6237,4.71,
2021-11-28 00:00:00,803.46,51,113,66.81,3946,3.17,
2021-11-29 00:00:00,1379,59,121,83.46,9592,7.54,
2021-11-30 00:00:00,1216,54,102,74.48,7624,5.98,
2021-12-01 00:00:00,1013,51,112,73.77,6366,4.94,
2021-12-02 00:00:00,36.7,51,88,59.28,117,0.082,
2021-12-03 00:00:00,613.76,54,106,73.61,3509,2.73,
2021-12-04 00:00:00,,,,,331,0.212,
2021-12-05 00:00:00,,,,,349,0.229,
2021-12-06 00:00:00,1301,57,138,82.03,8727,6.87,
2021-12-07 00:00:00,1226,51,130,70.97,8216,6.38,
2021-12-08 00:00:00,24.87,51,65,57.61,108,0.082,
2021-12-09 00:00:00,842.41,56,112,71.63,5951,4.56,
2021-12-10 00:00:00,1535,45,113,71.04,11246,8.8,
2021-12-11 00:00:00,500.94,53,97,69.07,2497,1.88,
2021-12-12 00:00:00,823.54,55,103,72.62,3334,2.6,
2021-12-13 00:00:00,1406,53,116,72.55,8630,6.83,
2021-12-14 00:00:00,1402,51,110,73.94,7837,6.22,
2021-12-15 00:00:00,1132,54,109,75.37,7205,5.7,
2021-12-16 00:00:00,1204,51,103,73.98,6895,5.38,
2021-12-17 00:00:00,496.91,48,104,70.26,1335,1.01,
2021-12-18 00:00:00,339.35,53,121,73.01,1082,0.817,
2021-12-19 00:00:00,861.21,53,113,69.92,3932,3.09,
2021-12-20 00:00:00,1238,51,109,68.9,6663,5.32,
2021-12-21 00:00:00,658.67,51,112,70.04,4129,3.2,
2021-12-22 00:00:00,,,,,945,0.584,
2021-12-23 00:00:00,1079,,,,485,0.308,
2021-12-24 00:00:00,125.45,,,,398,0.268,
2021-12-25 00:00:00,488.7,52,113,72.33,2430,1.84,
2021-12-26 00:00:00,790.27,52,94,68.67,4103,3.13,
2021-12-27 00:00:00,637.42,52,102,67.47,3051,2.32,
2021-12-28 00:00:00,633.09,54,121,69.64,4241,3.25,
2021-12-29 00:00:00,3.01,,,,370,0.25,
2021-12-30 00:00:00,,,,,498,0.329,
2021-12-31 00:00:00,,,,,489,0.296,
2022-01-01 00:00:00,,,,,386,0.244,
2022-01-02 00:00:00,648.83,63,113,81.72,2953,2.29,
2022-01-03 00:00:00,614.86,52,105,70.62,2023,1.52,
2022-01-04 00:00:00,73.09,54,90,61.83,563,0.429,
2022-01-05 00:00:00,,,,,268,0.156,
2022-01-06 00:00:00,,,,,235,0.151,
2022-01-07 00:00:00,365.7,62,100,81.22,4486,3.31,
2022-01-08 00:00:00,,,,,565,0.307,
2022-01-09 00:00:00,698.69,71,116,87.48,6290,5.02,
2022-01-10 00:00:00,1145,55,104,81.57,6967,5.54,
2022-01-11 00:00:00,289.3,71,116,91.09,5152,3.39,
2022-01-12 00:00:00,,,,,4727,2.92,
2022-01-13 00:00:00,345.81,54,107,72.07,5443,3.94,
2022-01-14 00:00:00,202.35,52,91,60.7,4280,2.91,
2022-01-15 00:00:00,,,,,234,0.139,
2022-01-16 00:00:00,,,,,227,0.146,
2022-01-17 00:00:00,511.82,,,,5366,3.42,
2022-01-18 00:00:00,79.24,,,,95,0.059,
2022-01-19 00:00:00,,,,,79,0.044,
2022-01-20 00:00:00,1154,,,,5875,3.41,
2022-01-21 00:00:00,855.03,55,113,74.41,5763,4.46,
2022-01-22 00:00:00,92.08,56,103,66.1,1540,0.996,
2022-01-23 00:00:00,494.88,54,115,76.88,2877,2.22,
2022-01-24 00:00:00,1894,61,114,83.21,14394,11.35,
2022-01-25 00:00:00,1060,74,102,84.4,7083,4.8,
2022-01-26 00:00:00,74.83,,,,261,0.174,
2022-01-27 00:00:00,1280,54,115,78.34,11833,9.12,
2022-01-28 00:00:00,1323,54,129,71.92,7598,5.99,
2022-01-29 00:00:00,313.55,54,116,70.38,629,0.466,
2022-01-30 00:00:00,642.03,54,112,69.67,1691,1.34,
2022-01-31 00:00:00,1199,54,113,75.58,7205,5.67,
2022-02-01 00:00:00,1443,52,122,72.46,9344,7.45,
2022-02-02 00:00:00,993.11,50,116,71.39,6121,4.82,
2022-02-03 00:00:00,465.56,53,95,70.68,2998,2.32,
2022-02-04 00:00:00,1162,52,112,74.52,7578,5.91,
2022-02-05 00:00:00,800.78,51,102,67.59,4929,3.72,
2022-02-06 00:00:00,269.69,52,116,68.45,1611,1.16,
2022-02-07 00:00:00,1201,49,114,82.31,7683,6,
2022-02-08 00:00:00,1235,51,103,79.23,7098,5.61,
2022-02-09 00:00:00,1143,55,112,73.05,6217,4.87,
2022-02-10 00:00:00,1333,52,113,69.68,8171,6.42,
2022-02-11 00:00:00,1114,54,113,74.52,6698,5.21,
2022-02-12 00:00:00,458.63,54,97,70.58,1498,1.19,
2022-02-13 00:00:00,737.17,53,102,67,4453,3.52,
2022-02-14 00:00:00,136.85,51,94,61.6,1325,0.847,
2022-02-15 00:00:00,394.37,66,95,84.71,4059,3.05,
2022-02-16 00:00:00,,,,,2658,1.51,
2022-02-17 00:00:00,,,,,510,0.331,
2022-02-18 00:00:00,,,,,1007,0.671,
2022-02-19 00:00:00,558.69,58,134,72.45,2474,1.89,
2022-02-20 00:00:00,233.73,51,104,66.32,941,0.693,
2022-02-21 00:00:00,1431,58,112,80.31,8598,6.73,
2022-02-22 00:00:00,1437,54,115,72.92,7775,6.14,
2022-02-23 00:00:00,1179,61,112,83.18,7761,5.87,
2022-02-24 00:00:00,1371,58,114,79.6,7558,5.93,
2022-02-25 00:00:00,1265,54,112,73.11,6432,5.01,
2022-02-26 00:00:00,,,,,380,0.238,
2022-02-27 00:00:00,456.68,58,113,75.78,1241,0.966,
2022-02-28 00:00:00,1336,61,104,80.89,8769,6.73,
2022-03-01 00:00:00,,,,,344,0.221,
2022-03-02 00:00:00,954.22,55,107,76.58,6609,5.21,
2022-03-03 00:00:00,1417,60,116,81.32,8314,6.49,
2022-03-04 00:00:00,1053,55,113,74.62,6112,4.83,
2022-03-05 00:00:00,385.25,61,100,78.14,1110,0.869,
2022-03-06 00:00:00,988.71,63,106,78.1,5188,4.27,
2022-03-07 00:00:00,22.9,54,78,65.1,353,0.232,
2022-03-08 00:00:00,1564,58,121,81.79,9376,7.44,
2022-03-09 00:00:00,1240,56,104,73.88,7786,6.12,
2022-03-10 00:00:00,1723,54,106,79.15,11287,8.9,
2022-03-11 00:00:00,1290,56,101,71.43,7838,6.25,
2022-03-12 00:00:00,120,52,97,64.05,1159,0.79,
2022-03-13 00:00:00,,,,,469,0.312,
2022-03-14 00:00:00,1435,57,121,80.16,9161,7.25,
2022-03-15 00:00:00,1233,50,105,73.03,9374,7.35,
2022-03-16 00:00:00,1278,51,121,70.9,10656,8.13,
2022-03-17 00:00:00,1164,54,132,73.58,7448,5.63,
2022-03-18 00:00:00,,,,,156,0.101,
2022-03-19 00:00:00,,,,,724,0.467,
2022-03-20 00:00:00,875.93,61,103,82.05,6517,4.87,
2022-03-21 00:00:00,1334,52,114,78.45,7774,6.12,
2022-03-22 00:00:00,1427,51,114,71.96,8200,6.46,
2022-03-23 00:00:00,1218,52,116,71.98,7199,5.64,
2022-03-24 00:00:00,1221,54,103,74.53,7568,6.01,
2022-03-25 00:00:00,1292,51,106,69.32,8830,6.91,
2022-03-26 00:00:00,67.35,52,97,61.77,670,0.456,
2022-03-27 00:00:00,435.4,49,98,68.96,2161,1.62,
2022-03-28 00:00:00,1316,51,117,70.94,6553,5.15,
2022-03-29 00:00:00,1370,49,123,67.41,7839,6.18,
2022-03-30 00:00:00,909.1,51,100,67.49,5451,4.15,
2022-03-31 00:00:00,1542,49,116,69.87,9309,7.24,
2022-04-01 00:00:00,819.66,51,95,66.99,6202,4.54,
2022-04-02 00:00:00,485.81,52,105,74.96,3664,2.68,
2022-04-03 00:00:00,47.76,57,83,65.24,434,0.28,
2022-04-04 00:00:00,,,,,222,0.135,
2022-04-05 00:00:00,659.44,58,104,79.04,2913,2.24,
2022-04-06 00:00:00,943.26,60,116,78.03,7065,5.36,
2022-04-07 00:00:00,615.34,55,101,68.66,2289,1.8,
2022-04-08 00:00:00,575.95,55,112,69.85,1710,1.33,
2022-04-09 00:00:00,,,,,594,0.404,
2022-04-10 00:00:00,921.61,58,98,76.93,3473,2.48,
2022-04-11 00:00:00,872.25,52,126,77.23,3943,3.07,
2022-04-12 00:00:00,416.51,57,117,75.41,1660,1.21,
2022-04-13 00:00:00,,,,,274,0.177,
2022-04-14 00:00:00,723.25,57,97,72.89,4867,3.78,
2022-04-15 00:00:00,76.07,54,113,63.92,1536,0.969,
2022-04-16 00:00:00,,,,,4831,2.73,
2022-04-17 00:00:00,666.81,58,109,77.55,1471,1.18,
2022-04-18 00:00:00,609.72,56,102,73.94,1670,1.29,
2022-04-19 00:00:00,888.74,55,113,70.59,3203,2.52,
2022-04-20 00:00:00,107.42,57,92,64.9,389,0.301,
2022-04-21 00:00:00,349.8,55,114,71.48,1632,1.24,
2022-04-22 00:00:00,623.44,56,116,71.04,1475,1.17,
2022-04-23 00:00:00,,,,,600,0.378,
2022-04-24 00:00:00,,,,,520,0.337,
2022-04-25 00:00:00,1638,57,144,84.31,9868,7.71,
2022-04-26 00:00:00,1595,58,107,76.4,8710,6.93,
2022-04-27 00:00:00,1184,55,114,75.11,6583,5.19,
2022-04-28 00:00:00,1396,56,114,77.66,6922,5.47,
2022-04-29 00:00:00,1485,58,131,77.75,7328,5.78,
2022-04-30 00:00:00,24.29,57,81,66.02,205,0.135,
2022-05-01 00:00:00,,,,,328,0.2,
2022-05-02 00:00:00,,,,,334,0.213,
2022-05-03 00:00:00,1498,59,116,81.99,7997,6.3,
2022-05-04 00:00:00,1166,57,115,73.47,7462,5.85,
2022-05-05 00:00:00,1409,57,105,74.82,7706,5.97,
2022-05-06 00:00:00,1392,53,117,74.16,7394,5.8,
2022-05-07 00:00:00,26.21,57,78,64.44,841,0.523,
2022-05-08 00:00:00,,,,,751,0.484,
2022-05-09 00:00:00,1358,58,113,80.52,7507,5.81,
2022-05-10 00:00:00,1528,58,117,77.91,8765,6.74,
2022-05-11 00:00:00,1284,60,105,76.2,8896,6.95,
2022-05-12 00:00:00,1117,54,111,71.08,6672,5.19,
2022-05-13 00:00:00,1173,50,111,78.58,6702,5.29,
2022-05-14 00:00:00,69.86,58,99,69.14,263,0.179,
2022-05-15 00:00:00,,,,,364,0.227,
2022-05-16 00:00:00,1173,62,113,84.86,5601,4.47,
2022-05-17 00:00:00,877.39,61,101,78.54,5609,4.41,
2022-05-18 00:00:00,2623,59,121,86.61,8343,6.64,
2022-05-19 00:00:00,,,,,935,0.572,
2022-05-20 00:00:00,1388,58,104,82.25,6896,5.57,
2022-05-21 00:00:00,,,,,922,0.564,
2022-05-22 00:00:00,,,,,657,0.398,
2022-05-23 00:00:00,1154,61,110,78.93,5700,4.53,
2022-05-24 00:00:00,53.54,57,115,70.12,794,0.496,
2022-05-25 00:00:00,609.2,49,104,76.11,4504,3.4,
2022-05-26 00:00:00,1224,60,114,78.2,7440,5.82,
2022-05-27 00:00:00,1083,57,112,76.17,6134,4.76,
2022-05-28 00:00:00,1013,55,116,74.28,5098,3.98,
2022-05-29 00:00:00,332.98,58,103,74.11,1829,1.35,
2022-05-30 00:00:00,748.84,52,103,74.37,4456,3.52,
2022-05-31 00:00:00,1250,53,114,73.66,6131,5.25,
2022-06-01 00:00:00,582.9,56,113,73.66,1868,1.44,
2022-06-02 00:00:00,1287,47,136,76.34,3784,2.99,
2022-06-03 00:00:00,785.64,54,106,73.22,2441,1.85,
2022-06-04 00:00:00,1059,53,143,77.18,1620,1.26,
2022-06-05 00:00:00,554.46,54,116,72.83,2794,2.06,
2022-06-06 00:00:00,637.67,57,106,71.97,2226,1.76,
2022-06-07 00:00:00,826.44,55,112,74.74,4501,3.57,
2022-06-08 00:00:00,1543,58,125,83.7,8838,6.98,
2022-06-09 00:00:00,824.81,57,113,72.78,5583,4.44,
2022-06-10 00:00:00,1633,63,129,86.24,7799,6.3,
2022-06-11 00:00:00,1617,57,126,78.91,3392,2.7,
2022-06-12 00:00:00,1029,53,131,76.74,2981,2.33,
2022-06-13 00:00:00,1384,54,105,75.53,7080,5.58,
2022-06-14 00:00:00,1393,58,116,79.74,7926,6.11,
2022-06-15 00:00:00,58.87,61,89,71.35,623,0.376,
2022-06-16 00:00:00,1146,56,104,78.7,6696,5.18,
2022-06-17 00:00:00,21.72,55,73,60.8,717,0.459,
2022-06-18 00:00:00,1239,62,103,78.83,3012,2.46,
2022-06-19 00:00:00,1498,56,109,76.69,3375,2.62,
2022-06-20 00:00:00,1887,56,129,78.53,3053,2.52,
2022-06-21 00:00:00,1660,45,129,76.98,2486,1.95,
2022-06-22 00:00:00,1696,51,129,80.74,7571,5.97,
2022-06-23 00:00:00,2646,58,121,76.58,16549,12.97,
2022-06-24 00:00:00,1464,51,117,82.12,3710,2.87,
2022-06-25 00:00:00,1682,51,126,78.35,3479,2.78,
2022-06-26 00:00:00,1227,54,128,76.88,2380,1.96,
2022-06-27 00:00:00,2152,54,125,73.23,13982,11.11,
2022-06-28 00:00:00,1107,54,99,71.57,5787,4.57,
2022-06-29 00:00:00,2002,54,123,73.65,7588,6.03,
2022-06-30 00:00:00,1515,54,122,74.99,3302,2.64,
2022-07-01 00:00:00,1590,53,127,74.94,2663,2.19,
2022-07-02 00:00:00,1374,51,138,72.3,8966,6.84,
2022-07-03 00:00:00,702.81,55,98,70.79,1756,1.4,
2022-07-04 00:00:00,912.12,54,101,69.99,4902,3.78,
2022-07-05 00:00:00,1639,54,128,73.01,8327,6.68,
2022-07-06 00:00:00,2407,56,121,83.43,11108,8.65,
2022-07-07 00:00:00,2006,49,116,80.23,3524,2.77,
2022-07-08 00:00:00,0.163,66,66,66,647,0.363,
2022-07-09 00:00:00,2789,65,119,91.84,14727,11.52,
2022-07-10 00:00:00,1144,57,116,82.26,1730,1.39,
2022-07-11 00:00:00,1020,53,115,72.49,3641,2.89,
2022-07-12 00:00:00,622.25,54,102,72.32,3013,2.27,
2022-07-13 00:00:00,1682,56,129,76.73,8449,6.52,
2022-07-14 00:00:00,1841,52,146,83.94,9181,7.17,
2022-07-15 00:00:00,946.92,54,125,72.49,5623,4.3,
2022-07-16 00:00:00,1167,55,116,78.38,7050,5.47,
2022-07-17 00:00:00,1392,54,112,81.45,8697,6.55,
2022-07-18 00:00:00,1820,62,141,93.3,6274,4.7,
2022-07-19 00:00:00,1182,66,115,85.24,6784,5.29,
2022-07-20 00:00:00,1903,57,121,83.51,9113,7.22,
2022-07-21 00:00:00,1149,53,131,77.58,5020,3.51,
2022-07-22 00:00:00,1222,54,129,73.87,4198,3.37,
2022-07-23 00:00:00,1852,50,125,70.1,7379,5.7,
2022-07-24 00:00:00,1136,51,122,71.39,3167,2.54,
2022-07-25 00:00:00,1110,53,104,70.52,2663,2.12,
2022-07-26 00:00:00,375.07,51,121,68.89,2194,1.72,
2022-07-27 00:00:00,1054,52,118,68.23,2222,1.77,
2022-07-28 00:00:00,87.17,52,122,61.28,1682,1.04,
2022-07-29 00:00:00,1174,62,121,79.79,7600,5.74,
2022-07-30 00:00:00,1277,67,129,89.63,6797,5.48,
2022-07-31 00:00:00,2044,59,104,77.08,6452,5.22,
2022-08-01 00:00:00,1087,58,131,87.98,4469,3.62,
2022-08-02 00:00:00,47.53,59,82,70.25,789,0.507,
2022-08-03 00:00:00,121.76,65,119,84.68,589,0.433,
2022-08-04 00:00:00,653.61,56,116,74.14,4169,3.22,
2022-08-05 00:00:00,1159,55,115,79.81,5746,4.52,
2022-08-06 00:00:00,473.95,61,90,79.13,2293,1.8,
2022-08-07 00:00:00,884.15,54,135,73.06,4342,3.47,
2022-08-08 00:00:00,54.26,55,90,63.61,476,0.332,
2022-08-09 00:00:00,,,,,375,0.224,
2022-08-10 00:00:00,52.91,58,88,67.95,615,0.449,
2022-08-11 00:00:00,675.7,51,99,71.03,1396,1.08,
2022-08-12 00:00:00,119.73,53,100,64.23,866,0.623,
2022-08-13 00:00:00,1783,65,124,90.26,10790,8.63,
2022-08-14 00:00:00,1049,62,114,81.35,3487,2.46,
2022-08-15 00:00:00,3.63,55,66,61.19,391,0.27,
2022-08-16 00:00:00,450.61,55,116,76.02,816.92,0.65,
2022-08-17 00:00:00,1130,52,117,77.27,1722,1.36,
2022-08-18 00:00:00,918.2,56,98,73.99,3217,2.51,
2022-08-19 00:00:00,871.16,52,102,72.77,3143,2.5,
2022-08-20 00:00:00,203.51,55,89,65.71,2344,1.62,
2022-08-21 00:00:00,828.5,52,100,73.06,4793,3.53,
2022-08-22 00:00:00,887.93,57,107,75.97,4360,3.3,
2022-08-23 00:00:00,36.17,54,74,62.26,555,0.376,
2022-08-24 00:00:00,1045,56,107,77.91,3806,2.99,
2022-08-25 00:00:00,33.58,54,81,61.37,733,0.439,
2022-08-26 00:00:00,1370,56,118,87.94,6469,5.13,
2022-08-27 00:00:00,891.22,61,116,78.33,5019,3.92,
2022-08-28 00:00:00,310.94,65,91,77.25,1051,0.814,
2022-08-29 00:00:00,605.2,66,117,83.05,1473,1.15,
2022-08-30 00:00:00,946.84,61,97,78.22,3326,2.65,
2022-08-31 00:00:00,1650,55,113,73.19,10400,8.35,
2022-09-01 00:00:00,24.25,54,72,61.04,1263,0.742,
2022-09-02 00:00:00,370.86,56,122,68.95,1162,0.925,
2022-09-03 00:00:00,1300,54,106,67.93,8341,6.45,
2022-09-04 00:00:00,15.02,76,97,88,1152,0.698,
2022-09-05 00:00:00,812.88,56,117,79.41,2651,2.06,
2022-09-06 00:00:00,968.28,61,107,75.18,5544,4.35,
2022-09-07 00:00:00,1618,56,119,73.72,11392,8.97,
2022-09-08 00:00:00,1073,53,117,72.77,4945,3.88,
2022-09-09 00:00:00,1384,63,103,82.7,7237,5.76,
2022-09-10 00:00:00,875.63,68,91,79.05,6290,4.94,
2022-09-11 00:00:00,,,,,119,0.067,
2022-09-12 00:00:00,1392,60,102,82.82,5645,4.51,
2022-09-13 00:00:00,1564,63,113,84.2,7529,5.99,
2022-09-14 00:00:00,1237,57,113,78.05,4744,3.77,
2022-09-15 00:00:00,1140,48,118,71.59,5484,4.32,
2022-09-16 00:00:00,1053,53,102,68.97,4974,3.92,
2022-09-17 00:00:00,1217,51,115,68.66,8298,6.46,
2022-09-18 00:00:00,30.8,51,81,60.94,744,0.447,
2022-09-19 00:00:00,363.25,55,113,70.36,2089,1.59,
2022-09-20 00:00:00,1198,52,110,71.03,4681,3.75,
2022-09-21 00:00:00,1327,54,113,74.25,6012,4.81,
2022-09-22 00:00:00,1141,58,113,78.42,5314,4.27,
2022-09-23 00:00:00,1631,51,121,74.78,7411,6.05,
2022-09-24 00:00:00,572.02,57,112,70.98,2445,1.82,
2022-09-25 00:00:00,37.1,54,79,61.31,436,0.287,
2022-09-26 00:00:00,1353,62,118,81.22,5445,4.3,
2022-09-27 00:00:00,1312,56,105,75.9,6084,4.87,
2022-09-28 00:00:00,1389,54,129,75.11,6286,5,
2022-09-29 00:00:00,1251,63,106,81.5,5872,4.73,
2022-09-30 00:00:00,1347,66,104,82.63,6151,4.94,
2022-10-01 00:00:00,20.06,54,75,65.56,1135,0.679,
2022-10-02 00:00:00,463.23,62,94,80.52,1493,1.12,
2022-10-03 00:00:00,1379,57,106,77.23,5562,4.42,
2022-10-04 00:00:00,1113,59,102,79.42,5331,4.17,
2022-10-05 00:00:00,1352,66,102,83.94,6106,4.85,
2022-10-06 00:00:00,1551,54,145,82.45,6810,5.45,
2022-10-07 00:00:00,1838,61,119,88.96,8955,7.18,
2022-10-08 00:00:00,537.07,54,102,75.46,1237,0.921,
2022-10-09 00:00:00,187.59,57,102,69.43,581,0.355,
2022-10-10 00:00:00,1280,56,121,84.94,5046,4.04,
2022-10-11 00:00:00,1251,56,106,81.99,4853,3.95,
2022-10-12 00:00:00,1548,57,112,79.5,6326,5.12,
2022-10-13 00:00:00,1189,54,119,71.66,5533,4.36,
2022-10-14 00:00:00,1616,56,112,72.6,8767,6.97,
2022-10-15 00:00:00,396.38,52,89,66.91,2058,1.59,
2022-10-16 00:00:00,38.28,56,78,63.96,780,0.467,
2022-10-17 00:00:00,1346,61,106,77.75,5257,4.25,
2022-10-18 00:00:00,1336,55,130,74.6,5980,4.8,
2022-10-19 00:00:00,1359,61,135,81.65,6100,4.89,
2022-10-20 00:00:00,1244,51,105,69.87,5997,4.78,
2022-10-21 00:00:00,1122,52,106,73.72,4366,3.49,
2022-10-22 00:00:00,476.38,54,116,67.58,1744,1.33,
2022-10-23 00:00:00,1175,54,115,76.38,6245,4.81,
2022-10-24 00:00:00,315.33,56,97,69.89,1189,0.887,
2022-10-25 00:00:00,1002,52,117,74.71,7400,5.62,
2022-10-26 00:00:00,177.06,53,100,65.25,828,0.515,
2022-10-27 00:00:00,550.43,50,116,71.98,2385,1.8,
2022-10-28 00:00:00,554.09,52,98,61.65,5099,3.96,
2022-10-29 00:00:00,7.88,,,,509,0.314,
2022-10-30 00:00:00,,,,,261,0.166,
2022-10-31 00:00:00,1043,58,107,76.16,4578,3.58,
2022-11-01 00:00:00,1323,54,100,74.01,6139,4.83,
2022-11-02 00:00:00,1409,53,122,74.02,6299,5.02,
2022-11-03 00:00:00,1406,54,117,74.19,6542,5.22,
2022-11-04 00:00:00,1338,49,105,71.06,6036,4.79,
2022-11-05 00:00:00,1424,61,107,79.93,10235,7.92,
2022-11-06 00:00:00,106.84,58,107,67.21,520,0.328,
2022-11-07 00:00:00,1098,54,113,77.22,4630,3.66,
2022-11-08 00:00:00,1204,53,103,72.88,5467,4.32,
2022-11-09 00:00:00,1455,52,115,78.11,6700,5.32,
2022-11-10 00:00:00,492.29,59,116,71.56,2479,1.88,
2022-11-11 00:00:00,1629,58,114,75.51,9021,7.2,
2022-11-12 00:00:00,203.09,55,100,67.82,1184,0.795,
2022-11-13 00:00:00,,,,,297,0.173,
2022-11-14 00:00:00,1096,57,121,80.14,4559,3.64,
2022-11-15 00:00:00,1248,56,117,74.19,5089,4.08,
2022-11-16 00:00:00,1419,57,99,74.71,6795,5.38,
2022-11-17 00:00:00,1327,56,116,75.7,7061,5.62,
2022-11-18 00:00:00,1173,60,113,83.7,6594,5.33,
2022-11-19 00:00:00,758.38,69,102,80.27,3803,2.96,
2022-11-20 00:00:00,4.44,,,,664,0.384,
2022-11-21 00:00:00,1507,54,112,76.98,6607,5.3,
2022-11-22 00:00:00,46.46,56,84,68.76,604,0.38,
2022-11-23 00:00:00,1469,56,114,79.67,6581,5.27,
2022-11-24 00:00:00,960.84,54,109,73.49,4140,3.26,
2022-11-25 00:00:00,1502,58,103,75.59,9569,7.53,
2022-11-26 00:00:00,32.97,56,117,65.02,365,0.249,
2022-11-27 00:00:00,882.66,65,103,82.87,5821,4.41,
2022-11-28 00:00:00,1140,59,104,80.06,5018,4.03,
2022-11-29 00:00:00,1279,61,105,77.69,5769,4.61,
2022-11-30 00:00:00,1542,55,115,76.22,7063,5.63,
2022-12-01 00:00:00,1238,56,102,71.15,6433,5.08,
2022-12-02 00:00:00,1362,56,115,77.67,6138,4.94,
2022-12-03 00:00:00,463.59,54,114,71.75,1725,1.22,
2022-12-04 00:00:00,534.96,61,104,72.37,2343,1.85,
2022-12-05 00:00:00,1205,55,107,73.88,5757,4.49,
2022-12-06 00:00:00,1488,60,106,79.99,7016,5.67,
2022-12-07 00:00:00,1432,56,122,77.93,6259,5.04,
2022-12-08 00:00:00,1388,66,116,87.86,7277,5.68,
2022-12-09 00:00:00,1861,61,107,82.25,9364,7.52,
2022-12-10 00:00:00,176.02,63,121,76.02,1623,1.17,
2022-12-11 00:00:00,372.34,51,103,70.81,1200,0.834,
2022-12-12 00:00:00,1230,56,113,79.91,6443,4.99,
2022-12-13 00:00:00,1370,57,131,76.79,5370,4.27,
2022-12-14 00:00:00,1322,59,113,75.77,6422,5.12,
2022-12-15 00:00:00,,,,,263,0.15,
2022-12-16 00:00:00,1335,63,119,85.85,8146,6.28,
2022-12-17 00:00:00,,,,,1861,1.14,
2022-12-18 00:00:00,598.42,63,116,81.4,3060,2.2,
2022-12-19 00:00:00,,,,,932,0.579,
2022-12-20 00:00:00,867.85,53,107,72.64,2719,2.16,
2022-12-21 00:00:00,1419,54,113,69.96,6166,4.96,
2022-12-22 00:00:00,166.82,55,98,66.94,944,0.651,
2022-12-23 00:00:00,593.78,57,101,73.19,1313,1,
2022-12-24 00:00:00,330.32,58,99,71.25,1445,1.04,
2022-12-25 00:00:00,1168,58,109,73.95,4825,3.81,
2022-12-26 00:00:00,695.87,57,113,72.94,3128,2.43,
2022-12-27 00:00:00,28.12,54,69,60.79,712,0.457,
2022-12-28 00:00:00,886.32,60,107,80.32,2607,1.87,
2022-12-29 00:00:00,590.25,56,95,68.74,4058,3.14,
2022-12-30 00:00:00,2313,57,184,84.27,10807,8.52,
2022-12-31 00:00:00,34.29,54,81,65.54,1216,0.715,
2023-01-01 00:00:00,0.372,,,,860,0.454,
2023-01-02 00:00:00,585.27,58,102,80,3292,2.61,
2023-01-03 00:00:00,1164,60,111,79.81,5378,4.3,
2023-01-04 00:00:00,1439,57,115,78.58,7368,5.87,
2023-01-05 00:00:00,1304,56,121,77.26,5738,4.56,
2023-01-06 00:00:00,1096,67,112,85.27,5159,4.18,
2023-01-07 00:00:00,269.37,57,161,81.55,1708,1.14,
2023-01-08 00:00:00,,,,,448,0.25,
2023-01-09 00:00:00,1232,64,106,84.17,5770,4.62,
2023-01-10 00:00:00,1538,65,112,83.07,6807,5.47,
2023-01-11 00:00:00,1434,55,116,78.51,7235,5.83,
2023-01-12 00:00:00,1591,54,103,80.18,9420,7.57,
2023-01-13 00:00:00,1304,57,101,74.46,6586,5.26,
2023-01-14 00:00:00,498.22,57,99,72.55,1722,1.31,
2023-01-15 00:00:00,899.81,54,104,67.34,5256,4.02,
2023-01-16 00:00:00,1364,63,104,83.79,6181,4.94,
2023-01-17 00:00:00,1513,59,113,78.89,7041,5.65,
2023-01-18 00:00:00,905.84,57,104,75.55,6367,4.64,
2023-01-19 00:00:00,1240,58,101,73.28,5537,4.44,
2023-01-20 00:00:00,1389,53,138,73.48,5492,4.42,
2023-01-21 00:00:00,24.85,55,71,62.27,1515,0.914,
2023-01-22 00:00:00,0.69,,,,747,0.433,
2023-01-23 00:00:00,1337,59,102,82.6,6528,5.18,
2023-01-24 00:00:00,1449,62,106,83.75,6439,5.19,
2023-01-25 00:00:00,1430,63,112,80.34,6381,5.1,
2023-01-26 00:00:00,65,53,103,67.29,261,0.167,
2023-01-27 00:00:00,1328,62,98,81.26,6316,5.03,
2023-01-28 00:00:00,682.75,62,105,80.94,1581,1.22,
2023-01-29 00:00:00,245.24,61,113,73.69,542,0.338,
2023-01-30 00:00:00,1136,58,106,76.75,5216,4.21,
2023-01-31 00:00:00,519.87,40,98,72.55,793,0.592,
2023-02-01 00:00:00,881.28,54,115,73.03,3775,3.05,
2023-02-02 00:00:00,1271,65,103,82.75,6753,5.42,
2023-02-03 00:00:00,849.35,65,105,82.56,5226,4.14,
2023-02-04 00:00:00,2153,62,115,80.77,11117,8.87,
2023-02-05 00:00:00,7.28,61,74,68.15,367,0.218,
2023-02-06 00:00:00,1557,61,105,78.68,7747,6.2,
2023-02-07 00:00:00,73.37,58,77,65.31,298,0.208,
2023-02-08 00:00:00,1286,62,121,78.14,6343,4.98,
2023-02-09 00:00:00,1308,52,129,73.86,7119,5.71,
2023-02-10 00:00:00,1283,54,115,70.69,7124,5.65,
2023-02-11 00:00:00,799.74,54,113,69.24,2527,1.98,
2023-02-12 00:00:00,821.82,54,130,73.16,2018,1.6,
2023-02-13 00:00:00,1385,51,131,74.96,8347,6.53,
2023-02-14 00:00:00,1789,55,111,72.23,11596,9.32,
2023-02-15 00:00:00,921.88,56,123,76.59,3180,2.56,
2023-02-16 00:00:00,756.96,53,115,74.69,1698,1.34,
2023-02-17 00:00:00,808.04,55,103,71.8,2314,1.83,
2023-02-18 00:00:00,903.77,58,102,76.77,3354,2.65,
2023-02-19 00:00:00,830.2,53,99,69.92,3218,2.47,
2023-02-20 00:00:00,1354,56,117,74.98,6155,4.86,
2023-02-21 00:00:00,1231,58,129,76.47,5127,4.02,
2023-02-22 00:00:00,1188,52,106,77.45,6613,5.23,
2023-02-23 00:00:00,1319,56,132,77.04,6347,5.05,
2023-02-24 00:00:00,2676,65,157,92.87,17226,13.73,
2023-02-25 00:00:00,1028,60,112,76.68,3862,3.03,
2023-02-26 00:00:00,500.27,56,113,71.88,1700,1.27,
2023-02-27 00:00:00,1458,55,123,80.56,7237,5.82,
2023-02-28 00:00:00,1356,63,115,81.65,6581,5.24,
2023-03-01 00:00:00,1560,62,102,79.5,8209,6.5,
2023-03-02 00:00:00,1144,53,98,80.74,5266,4.19,
2023-03-03 00:00:00,1610,57,121,82.69,8036,6.33,
2023-03-04 00:00:00,,,,,1825,1.03,
2023-03-05 00:00:00,1278,56,128,87.15,2491,1.91,
2023-03-06 00:00:00,1293,56,153,82.59,7131,5.59,
2023-03-07 00:00:00,1302,64,118,82.06,6636,5.25,
2023-03-08 00:00:00,769.59,60,129,80.61,2693,2.03,
2023-03-09 00:00:00,1420,55,112,75.26,7071,5.54,
2023-03-10 00:00:00,2152,59,116,82.76,11313,9.02,
2023-03-11 00:00:00,1408,61,143,87.8,2324,1.8,
2023-03-12 00:00:00,25.09,57,81,67.91,263,0.16,
2023-03-13 00:00:00,1227,65,111,83.98,4880,3.88,
2023-03-14 00:00:00,1590,54,106,74.88,7927,6.26,
2023-03-15 00:00:00,1406,57,142,84.52,6880,5.25,
2023-03-16 00:00:00,2042,58,103,81.66,10784,8.22,
2023-03-17 00:00:00,,,,,136,0.098,
2023-03-18 00:00:00,857.95,55,129,76.75,2400,1.79,
2023-03-19 00:00:00,874.74,58,130,77.78,5059,3.69,
2023-03-20 00:00:00,1390,54,117,73.8,6794,5.2,
2023-03-21 00:00:00,1314,58,130,78.69,6567,5.01,
2023-03-22 00:00:00,1369,66,112,81.97,6676,5.15,
2023-03-23 00:00:00,1804,58,138,80.7,8612,6.68,
2023-03-24 00:00:00,1723,58,119,77.47,9304,7.18,
2023-03-25 00:00:00,707.65,58,103,74.89,2984,2.23,
2023-03-26 00:00:00,721.32,54,129,72.01,2748,2.09,
2023-03-27 00:00:00,1192,55,114,74.44,4365,3.32,
2023-03-28 00:00:00,1364,51,103,74.24,6255,4.81,
2023-03-29 00:00:00,1481,56,105,78.51,7483,5.68,
2023-03-30 00:00:00,885.86,60,115,77.57,4089,3.05,
2023-03-31 00:00:00,1334,56,119,76.12,6688,5.17,
2023-04-01 00:00:00,1102,58,115,76.11,8236,5.88,
2023-04-02 00:00:00,681.05,49,102,72.43,2068,1.59,
2023-04-03 00:00:00,182.31,54,88,69.04,1298,1.02,
2023-04-04 00:00:00,1729,61,112,81.07,8044,6.23,
2023-04-05 00:00:00,292.22,56,95,70.77,1048,0.806,
2023-04-06 00:00:00,470.97,56,102,72.3,1177,0.889,
2023-04-07 00:00:00,,,,,455,0.339,
2023-04-08 00:00:00,2124,62,129,83.59,13965,10.66,
2023-04-09 00:00:00,26.66,61,89,69.8,1308,0.942,
2023-04-10 00:00:00,606.1,57,113,77.79,1606,1.17,
2023-04-11 00:00:00,166.62,58,100,70.23,595,0.447,
2023-04-12 00:00:00,610.1,61,98,78.05,2103,1.6,
2023-04-13 00:00:00,,,,,224,0.182,
2023-04-14 00:00:00,12.12,,,,302,0.225,
2023-04-15 00:00:00,1046,53,115,77.79,6284,4.55,
2023-04-16 00:00:00,1146,54,93,67.37,4411,3.34,
2023-04-17 00:00:00,282.83,56,134,74.1,2272,1.69,
2023-04-18 00:00:00,514.95,56,117,75.99,756,0.577,
2023-04-19 00:00:00,1177,52,113,72.84,4930,3.8,
2023-04-20 00:00:00,,,,,467,0.374,
2023-04-21 00:00:00,223.68,59,102,70.05,1100,0.862,
2023-04-22 00:00:00,628.02,56,106,73.64,2085,1.57,
2023-04-23 00:00:00,,,,,538,0.464,
2023-04-24 00:00:00,1216,59,110,80.73,5555,4.26,
2023-04-25 00:00:00,1284,58,102,78.23,6423,4.93,
2023-04-26 00:00:00,1495,54,104,74.05,8205,6.24,
2023-04-27 00:00:00,1294,56,114,77.44,6643,5.09,
2023-04-28 00:00:00,1279,62,116,83.96,6270,4.86,
2023-04-29 00:00:00,593.14,65,101,80.86,2318,1.74,
2023-04-30 00:00:00,335.85,58,101,76.82,958,0.702,
2023-05-01 00:00:00,1018,58,122,76.33,4944,3.47,
2023-05-02 00:00:00,1279,60,119,82.47,6789,5.22,
2023-05-03 00:00:00,1215,53,117,77.9,4696,3.55,
2023-05-04 00:00:00,1733,57,116,82.48,8635,6.63,
2023-05-05 00:00:00,1821,59,112,79.17,12283,9,
2023-05-06 00:00:00,9.6,58,74,66,603,0.46,
2023-05-07 00:00:00,667.93,62,113,81,2095,1.61,
2023-05-08 00:00:00,834.46,56,114,73.9,2748,2.1,
2023-05-09 00:00:00,2098,60,121,86.5,10808,8.31,
2023-05-10 00:00:00,1436,59,129,83.22,6889,5.26,
2023-05-11 00:00:00,1303,61,105,80.01,5907,4.57,
2023-05-12 00:00:00,2211,58,112,84.21,13092,10.08,
2023-05-13 00:00:00,762.18,58,102,72.81,2998,2.28,
2023-05-14 00:00:00,224.36,58,107,70.26,499.02,0.374,
2023-05-15 00:00:00,344.76,61,101,77.16,303.51,0.214,
2023-05-16 00:00:00,1492,60,112,78.52,8213,6.24,
2023-05-17 00:00:00,1531,57,117,80.97,7705,5.82,
2023-05-18 00:00:00,1227,60,99,78.81,6337,4.83,
2023-05-19 00:00:00,1173,54,121,76.32,5941,4.59,
2023-05-20 00:00:00,311.6,53,107,77.25,1287,0.969,
2023-05-21 00:00:00,489.82,58,104,73.33,1168,0.894,
2023-05-22 00:00:00,943.19,57,116,81.21,4827,3.67,
2023-05-23 00:00:00,280.33,54,116,69.78,1194,0.918,
2023-05-24 00:00:00,1221,40,114,79.08,6724,5.13,
2023-05-25 00:00:00,688.46,57,115,74.12,2840,2.11,
2023-05-26 00:00:00,1542,54,199,80.79,10683,8.22,
2023-05-27 00:00:00,293.31,61,103,78.3,965,0.728,
2023-05-28 00:00:00,376.88,61,113,76.89,2060,1.55,
2023-05-29 00:00:00,432.02,56,102,72.2,1079,0.81,
2023-05-30 00:00:00,1202,62,113,78.14,7070,5.52,
2023-05-31 00:00:00,980.54,58,114,75.5,5948,4.57,
2023-06-01 00:00:00,982.5,56,106,73.21,7166,5.3,
2023-06-02 00:00:00,873.29,56,100,71.03,3362,2.52,
2023-06-03 00:00:00,742.24,55,122,76.17,2979,2.27,
2023-06-04 00:00:00,181.04,59,89,69.94,1393,1.07,
2023-06-05 00:00:00,1474,61,116,77.9,8037,6.2,
2023-06-06 00:00:00,513.34,58,116,75.82,2211,1.67,
2023-06-07 00:00:00,501.01,60,100,75.9,1869,1.34,
2023-06-08 00:00:00,1184,58,132,75.77,6914,5.17,
2023-06-09 00:00:00,1538,62,102,81.03,6896,5.29,
2023-06-10 00:00:00,59.17,58,85,70.19,3344,2.36,
2023-06-11 00:00:00,,,,,1116,0.702,
2023-06-12 00:00:00,1391,56,105,86.96,7644,5.65,
2023-06-13 00:00:00,1639,58,114,85.61,8840,6.55,
2023-06-14 00:00:00,1436,56,122,81.67,7199,5.37,
2023-06-15 00:00:00,1351,51,129,75.57,9305,7,
2023-06-16 00:00:00,961.37,58,113,79.96,4411,3.31,
2023-06-17 00:00:00,429.22,56,113,74.64,2761,2.11,
2023-06-18 00:00:00,960.09,58,114,76.82,2622,1.93,
2023-06-19 00:00:00,1337,52,115,74.78,6413,4.9,
2023-06-20 00:00:00,768.05,54,115,71.97,4259,3.09,
2023-06-21 00:00:00,1589,51,121,77.56,7612,5.79,
2023-06-22 00:00:00,1593,59,114,78.68,11833,8.29,
2023-06-23 00:00:00,1412,66,119,86.06,7860,5.8,
2023-06-24 00:00:00,1251,58,121,79.59,6573,4.62,
2023-06-25 00:00:00,4.92,59,73,67.06,1365,1,
2023-06-26 00:00:00,439.51,58,113,76.12,1434,1.05,
2023-06-27 00:00:00,101.17,57,130,70.67,1007,0.799,
2023-06-28 00:00:00,1489,57,106,77.13,9202,6.86,
2023-06-29 00:00:00,16.52,54,115,64.43,6972,5.14,
2023-06-30 00:00:00,1651,61,109,78.91,11105,8.26,
2023-07-01 00:00:00,1584,56,121,75.89,12229,8.88,
2023-07-02 00:00:00,47.81,50,77,63.12,1078,0.831,
2023-07-03 00:00:00,706.15,54,112,73.92,5600,4.12,
2023-07-04 00:00:00,762.67,54,115,69.76,2221,1.63,
2023-07-05 00:00:00,907.7,54,115,69.78,3108,2.33,
2023-07-06 00:00:00,793.58,58,116,75.72,2675,1.99,
2023-07-07 00:00:00,1634,58,129,84.01,7751,6.22,
2023-07-08 00:00:00,407.76,56,129,72.48,1466,1.09,
2023-07-09 00:00:00,387.4,39,122,70.32,2153,1.56,
2023-07-10 00:00:00,650.8,54,115,73.34,1276,0.941,
2023-07-11 00:00:00,1028,58,113,81.76,6054,4.3,
2023-07-12 00:00:00,1125,55,129,74.73,5540,4.01,
2023-07-13 00:00:00,338.41,53,115,71.53,1185,0.854,
2023-07-14 00:00:00,,,,,559,0.441,
2023-07-15 00:00:00,1062,60,121,80.24,5828,4.12,
2023-07-16 00:00:00,76.29,51,83,62.77,688,0.536,
2023-07-17 00:00:00,1312,56,122,82.2,6855,5.14,
2023-07-18 00:00:00,1028,56,129,73.99,7066,5.07,
2023-07-19 00:00:00,637.63,57,127,78.57,3755,2.88,
2023-07-20 00:00:00,1100,58,113,77.57,7082,4.98,
2023-07-21 00:00:00,756.91,54,116,72.83,2430,1.77,
2023-07-22 00:00:00,463.45,51,117,69.55,2266,1.62,
2023-07-23 00:00:00,1943,59,134,91.25,12903,9.24,
2023-07-24 00:00:00,2446,60,174,96.28,14254,10.25,
2023-07-25 00:00:00,2158,55,110,77.51,20196,14.01,
2023-07-26 00:00:00,2173,56,148,83.76,11331,7.83,
2023-07-27 00:00:00,1578,53,129,75.69,9036,6.48,
2023-07-28 00:00:00,158.54,58,114,75.88,628,0.457,
2023-07-29 00:00:00,1296,52,113,77.69,7122,5.21,
2023-07-30 00:00:00,112.2,39,121,67,518,0.393,
2023-07-31 00:00:00,643.11,57,106,77.82,2432,1.76,
2023-08-01 00:00:00,678.62,55,129,73.78,1632,1.14,
2023-08-02 00:00:00,778.8,54,116,75.48,3444,2.42,
2023-08-03 00:00:00,1109,56,125,79.27,5798,3.91,
2023-08-04 00:00:00,1198,58,121,77.63,6119,4.34,
2023-08-05 00:00:00,829.61,55,116,79.6,5564,4.01,
2023-08-06 00:00:00,,,,,1440,1.06,
2023-08-07 00:00:00,549.3,58,117,76.89,1998,1.48,
2023-08-08 00:00:00,,,,,858,0.586,
2023-08-09 00:00:00,,,,,816,0.606,
2023-08-10 00:00:00,,,,,1017,0.8,
2023-08-11 00:00:00,,,,,7530,4.99,
2023-08-12 00:00:00,629.28,52,115,72.46,2190,1.56,
2023-08-13 00:00:00,572.72,54,104,68.78,1114,0.786,
2023-08-14 00:00:00,1794,41,129,80.47,9153,6.39,
2023-08-15 00:00:00,1689,50,132,84.48,8737,6.24,
2023-08-16 00:00:00,1557,53,128,79.58,7501,5.08,
2023-08-17 00:00:00,1554,61,115,86.08,8703,5.97,
2023-08-18 00:00:00,975.41,68,119,90.2,4355,3.07,
2023-08-19 00:00:00,562.94,57,103,74.96,1886,1.32,
2023-08-20 00:00:00,311.38,55,116,71.5,1047,0.742,
2023-08-21 00:00:00,884.23,52,129,73.42,4388,2.98,
2023-08-22 00:00:00,665.58,54,138,75.92,2563,1.8,
2023-08-23 00:00:00,985.1,54,116,77.23,3579,2.54,
2023-08-24 00:00:00,933.93,58,113,78.88,2134,1.53,
2023-08-25 00:00:00,31.43,52,116,64.14,668,0.505,
2023-08-26 00:00:00,885.5,58,110,76.37,3985,2.93,
2023-08-27 00:00:00,517.48,50,113,73.52,838.35,0.613,
2023-08-28 00:00:00,1618,49,113,73.88,8685,6.23,
2023-08-29 00:00:00,870.21,54,103,71.24,5789,3.97,
2023-08-30 00:00:00,0.086,,,,766,0.548,
2023-08-31 00:00:00,1956,58,121,83.05,14163,10.28,
2023-09-01 00:00:00,586.96,58,131,75.46,2461,1.73,
2023-09-02 00:00:00,355.01,55,114,74.89,658,0.51,
2023-09-03 00:00:00,456.86,58,101,78.66,1727,1.27,
2023-09-04 00:00:00,536.11,58,133,96.76,5522,4.07,
2023-09-05 00:00:00,231.76,44,115,71.12,595,0.43,
2023-09-06 00:00:00,980.7,54,122,78.13,5257,3.82,
2023-09-07 00:00:00,1588,48,119,86.1,7717,5.65,
2023-09-08 00:00:00,1320,63,113,86.34,7287,5.27,
2023-09-09 00:00:00,553.87,58,129,78.81,1183,0.842,
2023-09-10 00:00:00,50.24,52,119,69.05,477,0.347,
2023-09-11 00:00:00,1349,54,105,74.43,9425,6.86,
2023-09-12 00:00:00,1444,52,133,77.51,7484,5.5,
2023-09-13 00:00:00,1443,55,121,79.43,7031,5.23,
2023-09-14 00:00:00,1832,58,129,83.7,11090,8.14,
2023-09-15 00:00:00,1262,53,130,80.61,7072,5.21,
2023-09-16 00:00:00,26.38,53,121,73.39,993,0.661,
2023-09-17 00:00:00,,,,,679,0.495,
2023-09-18 00:00:00,1401,57,129,84.78,7409,5.4,
2023-09-19 00:00:00,1482,55,133,83.25,7526,5.46,
2023-09-20 00:00:00,1039,54,117,77.95,5959,4.25,
2023-09-21 00:00:00,1074,51,141,75.34,4779,3.48,
2023-09-22 00:00:00,1090,51,119,74.67,6154,4.5,
2023-09-23 00:00:00,493.81,63,115,81.21,1844,1.3,
2023-09-24 00:00:00,577.99,58,115,77.46,1527,1.09,
2023-09-25 00:00:00,1488,58,146,79.96,7320,5.28,
2023-09-26 00:00:00,1331,56,129,78.19,6329,4.51,
2023-09-27 00:00:00,1341,56,113,75.87,6056,4.38,
2023-09-28 00:00:00,1237,54,129,77.68,6189,4.45,
2023-09-29 00:00:00,1191,57,129,82.48,8170,5.9,
2023-09-30 00:00:00,625.3,55,107,74.36,1299,0.928,
2023-10-01 00:00:00,15.13,56,77,63.47,370,0.262,
2023-10-02 00:00:00,1076,58,113,84.4,6366,4.6,
2023-10-03 00:00:00,1132,54,116,76.96,5806,4.2,
2023-10-04 00:00:00,1198,55,130,75.38,6103,4.38,
2023-10-05 00:00:00,1230,49,129,75.12,5947,4.3,
2023-10-06 00:00:00,1645,54,129,76.3,11342,7.85,
2023-10-07 00:00:00,24.03,53,116,65.72,448,0.317,
2023-10-08 00:00:00,,,,,1043,0.748,
2023-10-09 00:00:00,2265,68,141,97.24,12848,9.36,
2023-10-10 00:00:00,1231,57,122,83.56,6050,4.28,
2023-10-11 00:00:00,1457,57,122,84.03,7621,5.52,
2023-10-12 00:00:00,1274,54,113,78.11,6280,4.48,
2023-10-13 00:00:00,1391,52,116,73.95,8336,6.16,
2023-10-14 00:00:00,1471,56,129,76.95,10102,7.4,
2023-10-15 00:00:00,80.05,51,104,62.23,1394,1.01,
2023-10-16 00:00:00,1554,56,116,76.02,9238,6.73,
2023-10-17 00:00:00,65.24,50,113,65.21,4803,3.49,
2023-10-18 00:00:00,1658,57,123,78.58,11111,7.75,
2023-10-19 00:00:00,1416,42,127,78.89,6408,4.54,
2023-10-20 00:00:00,1482,54,121,74.19,8746,6.31,
2023-10-21 00:00:00,792.28,51,121,76.54,4217,2.75,
2023-10-22 00:00:00,,,,,531,0.392,
2023-10-23 00:00:00,,,,,1182,0.857,
2023-10-24 00:00:00,605.43,54,109,74.12,3298,2.41,
2023-10-25 00:00:00,204.07,49,121,65.92,853,0.609,
2023-10-26 00:00:00,,,,,244,0.189,
2023-10-27 00:00:00,,,,,279,0.2,
2023-10-28 00:00:00,996.96,57,132,79.44,3918,2.72,
2023-10-29 00:00:00,24.8,57,129,68.81,348,0.254,
2023-10-30 00:00:00,1313,50,115,78.68,8162,5.8,
2023-10-31 00:00:00,1134,56,130,78.2,5306,3.89,
2023-11-01 00:00:00,1055,52,116,75.86,10090,7.48,
2023-11-02 00:00:00,1199,56,115,78.24,5930,4.3,
2023-11-03 00:00:00,1165,55,113,77.74,6212,4.55,
2023-11-04 00:00:00,43.78,47,90,64.64,1111,0.778,
2023-11-05 00:00:00,,,,,530,0.401,
2023-11-06 00:00:00,1180,56,113,77.37,6950,5.1,
2023-11-07 00:00:00,1247,52,113,76.74,6734,4.73,
2023-11-08 00:00:00,960.23,54,131,73.71,4462,3.18,
2023-11-09 00:00:00,1213,55,133,77.23,5009,3.58,
2023-11-10 00:00:00,1394,53,126,76.53,8126,5.88,
2023-11-11 00:00:00,628.01,52,129,71.12,1326,0.909,
2023-11-12 00:00:00,158.57,50,102,66.11,522,0.341,
2023-11-13 00:00:00,1292,56,119,81.21,8267,6.15,
2023-11-14 00:00:00,1338,54,161,79.41,6053,4.37,
2023-11-15 00:00:00,958.02,52,117,74.7,4562,3.31,
2023-11-16 00:00:00,1260,52,116,73.16,6449,4.61,
2023-11-17 00:00:00,1205,51,106,72.22,5405,3.98,
2023-11-18 00:00:00,1100,55,121,73.39,7474,5.23,
2023-11-19 00:00:00,62.89,52,83,60.85,676,0.478,
2023-11-20 00:00:00,1347,56,113,77.88,9011,6.55,
2023-11-21 00:00:00,937.53,58,116,79.55,5432,3.94,
2023-11-22 00:00:00,1090,56,123,79.29,5861,4.2,
2023-11-23 00:00:00,1166,52,119,74.58,6251,4.55,
2023-11-24 00:00:00,2136,56,106,80.92,14101,10.54,
2023-11-25 00:00:00,,,,,3525,2.74,
2023-11-26 00:00:00,576.68,60,114,81.51,3092,2.01,
2023-11-27 00:00:00,1657,54,121,78.98,9939,7,
2023-11-28 00:00:00,1114,55,109,75.15,6435,4.7,
2023-11-29 00:00:00,1100,54,129,72.7,4093,3.06,
2023-11-30 00:00:00,1329,54,129,75.28,6269,4.5,
2023-12-01 00:00:00,1727,54,116,73.06,9307,6.96,
2023-12-02 00:00:00,778.09,51,129,74.6,2018,1.43,
2023-12-03 00:00:00,17.3,50,103,60.75,735,0.538,
2023-12-04 00:00:00,1452,56,113,78.48,8474,6.29,
2023-12-05 00:00:00,1205,56,114,82.1,6242,4.62,
2023-12-06 00:00:00,1198,57,115,76.74,7009,5.17,
2023-12-07 00:00:00,1210,60,118,79.92,6314,4.59,
2023-12-08 00:00:00,1188,51,129,74.62,6943,5.01,
2023-12-09 00:00:00,1596,51,121,73.62,8605,6.12,
2023-12-10 00:00:00,329.16,49,113,65.03,1014,0.76,
2023-12-11 00:00:00,1797,50,129,69.91,12081,8.92,
2023-12-12 00:00:00,42.71,53,74,61.03,678,0.477,
2023-12-13 00:00:00,,,,,168,0.132,
2023-12-14 00:00:00,592.15,52,134,70.66,1821,1.32,
2023-12-15 00:00:00,2150,53,130,73.87,11750,8.85,
2023-12-16 00:00:00,54.93,56,74,65.68,358,0.26,
2023-12-17 00:00:00,,,,,666,0.539,
2023-12-18 00:00:00,558.77,56,98,74.44,3437,2.53,
2023-12-19 00:00:00,1475,51,110,73.14,7152,6,
2023-12-20 00:00:00,169.37,53,113,65.04,1446,1.02,
2023-12-21 00:00:00,,,,,1213,0.862,
2023-12-22 00:00:00,,,,,356,0.265,
2023-12-23 00:00:00,858.61,65,113,84.4,6231,4.36,
2023-12-24 00:00:00,,,,,704,0.495,
2023-12-25 00:00:00,954.92,48,113,71.06,4309,2.93,
2023-12-26 00:00:00,625.65,45,122,66.7,2029,1.41,
2023-12-27 00:00:00,1101,49,112,65.91,5269,3.87,
2023-12-28 00:00:00,,,,,2779,1.97,
2023-12-29 00:00:00,1.03,,,,977,0.765,
2023-12-30 00:00:00,714.27,48,124,93.52,3029,2.38,
2023-12-31 00:00:00,,,,,1100,0.843,
2024-01-01 00:00:00,703.19,62,112,78.45,2999,2.21,
2024-01-02 00:00:00,1484,54,114,76.82,7920,6.15,
2024-01-03 00:00:00,1391,57,113,77.18,6372,4.86,
2024-01-04 00:00:00,1146,53,116,76.76,5239,3.85,
2024-01-05 00:00:00,1448,52,131,74.59,7713,5.89,
2024-01-06 00:00:00,912.77,52,115,77.84,3186,2.39,
2024-01-07 00:00:00,199.92,50,115,68.75,1414,1.03,
2024-01-08 00:00:00,1640,37,138,74.92,8586,6.32,
2024-01-09 00:00:00,565.06,51,121,79.08,5639,4.22,
2024-01-10 00:00:00,1594,53,113,75.59,7121,5.66,
2024-01-11 00:00:00,1423,52,133,74.1,6266,5,
2024-01-12 00:00:00,1079,52,116,75.98,5780,4.28,
2024-01-13 00:00:00,1468,53,113,76.54,5582,4.89,
2024-01-14 00:00:00,414.91,51,101,65.08,2383,1.78,
2024-01-15 00:00:00,1843,56,121,81.9,9424,7.13,
2024-01-16 00:00:00,1622,56,115,80.72,7143,5.58,
2024-01-17 00:00:00,1876,54,113,78.9,8062,6.82,
2024-01-18 00:00:00,1545,54,121,73.24,7161,5.65,
2024-01-19 00:00:00,1549,52,116,74.58,7865,6.02,
2024-01-20 00:00:00,760.75,54,114,76,4456,3.29,
2024-01-21 00:00:00,661.32,49,129,70.72,1825,1.53,
2024-01-22 00:00:00,1611,60,114,81.55,9112,7.17,
2024-01-23 00:00:00,1138,61,99,80.46,5590,4.12,
2024-01-24 00:00:00,1542,54,116,77.61,6923,5.52,
2024-01-25 00:00:00,1149,49,121,72.12,5942,4.37,
2024-01-26 00:00:00,445.77,67,103,81.17,4969,3.72,
2024-01-27 00:00:00,,,,,398,0.297,
2024-01-28 00:00:00,,,,,738,0.553,
2024-01-29 00:00:00,1221,48,115,74.89,6615,5.15,
2024-01-30 00:00:00,54.37,49,115,64.19,5264,3.91,
2024-01-31 00:00:00,1651,54,129,80.04,7969,6.29,
2024-02-01 00:00:00,1549,49,115,74.97,7278,5.37,
2024-02-02 00:00:00,1283,58,119,82.73,8002,5.83,
2024-02-03 00:00:00,953.74,54,134,75.01,3099,2.53,
2024-02-04 00:00:00,,,,,268,0.197,
2024-02-05 00:00:00,1437,54,129,77.11,8308,6.42,
2024-02-06 00:00:00,1246,51,123,75.65,5973,4.22,
2024-02-07 00:00:00,1156,51,121,71.5,4835,3.55,
2024-02-08 00:00:00,1597,50,122,71.34,7893,5.66,
2024-02-09 00:00:00,1314,65,115,81.04,7720,6.11,
2024-02-10 00:00:00,,,,,607,0.44,
2024-02-11 00:00:00,,,,,351,0.262,
2024-02-12 00:00:00,1539,56,114,75.73,6345,5.74,
2024-02-13 00:00:00,25.48,50,113,59.37,950,0.645,
2024-02-14 00:00:00,,,,,456,0.342,
2024-02-15 00:00:00,975.94,58,116,76.65,6935,5.04,
2024-02-16 00:00:00,260.92,55,117,81.9,549,0.389,
2024-02-17 00:00:00,1.4,,,,277,0.201,
2024-02-18 00:00:00,,,,,386,0.28,
2024-02-19 00:00:00,,,,,3784,2.71,
2024-02-20 00:00:00,,,,,173,0.138,
2024-02-21 00:00:00,,,,,4061,2.84,
2024-02-22 00:00:00,,,,,3113,2.33,
2024-02-23 00:00:00,,,,,1025,0.764,
2024-02-24 00:00:00,1163,52,132,89.89,6253,4.48,
2024-02-25 00:00:00,,,,,163,0.124,
2024-02-26 00:00:00,1353,50,124,78.12,7916,5.88,
2024-02-27 00:00:00,1076,51,121,74.42,5942,4.32,
2024-02-28 00:00:00,1113,53,121,77.03,5375,3.97,
2024-02-29 00:00:00,1303,51,115,74.24,6478,4.83,
2024-03-01 00:00:00,1910,52,125,82.3,12606,9.17,
2024-03-02 00:00:00,35.98,50,129,74.62,805,0.579,
2024-03-03 00:00:00,570.53,54,116,72.98,1648,1.19,
2024-03-04 00:00:00,212.2,52,104,66.21,5652,4.17,
2024-03-05 00:00:00,1179,56,138,78.68,6035,4.47,
2024-03-06 00:00:00,23.25,53,116,68.19,7631,5.7,
2024-03-07 00:00:00,1156,60,134,85.95,6101,4.36,
2024-03-08 00:00:00,1150,57,101,77.48,5618,4.18,
2024-03-09 00:00:00,62.46,54,89,64.98,323,0.232,
2024-03-10 00:00:00,394.97,65,112,80.59,1188,0.861,
2024-03-11 00:00:00,1089,54,112,78.15,5963,4.4,
2024-03-12 00:00:00,1210,52,116,74.73,5186,3.96,
2024-03-13 00:00:00,1216,54,124,76.54,6050,4.41,
2024-03-14 00:00:00,1003,54,132,82.58,5104,3.66,
2024-03-15 00:00:00,1116,49,130,75.71,7241,5.3,
2024-03-16 00:00:00,638.19,55,138,72.6,1143,0.787,
2024-03-17 00:00:00,,,,,1106,0.779,
2024-03-18 00:00:00,1274,54,119,80.4,7603,5.63,
2024-03-19 00:00:00,1093,53,117,73.49,5817,4.29,
2024-03-20 00:00:00,366.53,51,113,69.52,6787,5.07,
2024-03-21 00:00:00,,,,,4652,3.34,
2024-03-22 00:00:00,821.46,57,113,81.95,5299,3.91,
2024-03-23 00:00:00,,,,,607,0.44,
2024-03-24 00:00:00,792.29,58,116,77.34,4739,3.54,
2024-03-25 00:00:00,204.67,51,115,68.2,5552,3.95,
2024-03-26 00:00:00,7.78,,,,231,0.164,
2024-03-27 00:00:00,,,,,590,0.453,
2024-03-28 00:00:00,,,,,981,0.66,
2024-03-29 00:00:00,558.02,51,113,75.42,2244,1.59,
2024-03-30 00:00:00,426.43,51,136,74.4,1421,0.991,
2024-03-31 00:00:00,,,,,598,0.409,
2024-04-01 00:00:00,,,,,186,0.14,
2024-04-02 00:00:00,1016,54,113,76.97,4426,3.09,
2024-04-03 00:00:00,40.69,52,116,61.71,989,0.671,
2024-04-04 00:00:00,,,,,1417,1.07,
2024-04-05 00:00:00,818.79,57,121,76.85,2757,1.96,
2024-04-06 00:00:00,719.64,52,138,71.98,1254,0.883,
2024-04-07 00:00:00,25.82,52,65,57.48,432,0.328,
2024-04-08 00:00:00,840.32,51,138,79.28,5233,3.88,
2024-04-09 00:00:00,835.18,52,104,73.72,2966,2.19,
2024-04-10 00:00:00,16.89,52,81,57.96,667,0.454,
2024-04-11 00:00:00,857.66,56,117,80.91,6308,4.36,
2024-04-12 00:00:00,118.41,51,114,66.83,762,0.542,
2024-04-13 00:00:00,296.46,51,138,100.71,904,0.608,
2024-04-14 00:00:00,753.6,52,116,73.19,1766,1.26,
2024-04-15 00:00:00,730.19,49,119,66.35,2263,1.63,
2024-04-16 00:00:00,1254,51,114,69.15,6661,4.79,
2024-04-17 00:00:00,1050,53,119,72.67,5356,3.89,
2024-04-18 00:00:00,1119,49,122,75.11,6140,4.5,
2024-04-19 00:00:00,,,,,3894,2.92,
2024-04-20 00:00:00,1628,49,121,76.48,13218,9.67,
2024-04-21 00:00:00,7.66,47,100,62.48,863,0.715,
2024-04-22 00:00:00,1588,61,117,81.7,7383,5.75,
2024-04-23 00:00:00,1262,55,113,82.49,6178,4.62,
2024-04-24 00:00:00,1107,53,115,73.51,5900,4.34,
2024-04-25 00:00:00,,,,,7315,5.21,
2024-04-26 00:00:00,1370,48,113,72.37,8496,6.05,
2024-04-27 00:00:00,132.19,53,116,70.47,5134,3.86,
2024-04-28 00:00:00,,,,,771,0.548,
2024-04-29 00:00:00,1518,55,115,78.21,7667,5.76,
2024-04-30 00:00:00,1457,58,130,82.43,5485,4.1,
2024-05-01 00:00:00,1407,51,117,76.4,5368,4.02,
2024-05-02 00:00:00,1372,58,129,79.92,6188,4.57,
2024-05-03 00:00:00,1344,60,122,78.4,5983,4.45,
2024-05-04 00:00:00,5.26,57,74,61.81,921,0.69,
2024-05-05 00:00:00,,,,,534,0.386,
2024-05-06 00:00:00,,,,,465,0.338,
2024-05-07 00:00:00,1138,60,138,86.88,4926,3.59,
2024-05-08 00:00:00,1478,65,121,85.65,6672,5.02,
2024-05-09 00:00:00,1417,60,116,83.54,6467,4.78,
2024-05-10 00:00:00,1706,65,119,84,11564,8.39,
2024-05-11 00:00:00,,,,,360,0.261,
2024-05-12 00:00:00,,,,,245,0.183,
2024-05-13 00:00:00,1312,54,115,79.16,5207,3.91,
2024-05-14 00:00:00,31.33,54,75,59.19,3942,2.91,
2024-05-15 00:00:00,1632,58,116,82.08,8087,6.04,
2024-05-16 00:00:00,14.83,,,,5276,3.81,
2024-05-17 00:00:00,2033,60,130,88.08,11011,7.95,
2024-05-18 00:00:00,,,,,846,0.642,
2024-05-19 00:00:00,,,,,354,0.284,
2024-05-20 00:00:00,,,,,6436,4.56,
2024-05-21 00:00:00,,,,,3799,2.86,
2024-05-22 00:00:00,1413,56,112,78.38,7727,5.68,
2024-05-23 00:00:00,1416,55,115,78.98,4959,3.64,
2024-05-24 00:00:00,17.64,49,94,57.49,4567,3.32,
2024-05-25 00:00:00,,,,,4916,3.07,
2024-05-26 00:00:00,,,,,283,0.195,
2024-05-27 00:00:00,,,,,361,0.242,
2024-05-28 00:00:00,1267,55,121,86.65,4207,3.11,
2024-05-29 00:00:00,1277,57,138,76.81,4278,3.13,
2024-05-30 00:00:00,1363,55,134,80.17,5881,4.3,
2024-05-31 00:00:00,,,,,852,0.612,
2024-06-01 00:00:00,1172,54,107,78.51,5355,3.78,
2024-06-02 00:00:00,75.44,52,129,66.21,399,0.285,
2024-06-03 00:00:00,1479,60,121,85.17,6878,5.17,
2024-06-04 00:00:00,1069,54,112,78.89,4287,3.13,
2024-06-05 00:00:00,1180,51,114,81.05,5166,3.76,
2024-06-06 00:00:00,16.25,53,69,61.27,3224,2.31,
2024-06-07 00:00:00,1396,56,103,79.26,6704,4.95,
2024-06-08 00:00:00,55.17,54,116,67.14,660,0.497,
2024-06-09 00:00:00,,,,,450,0.322,
2024-06-10 00:00:00,,,,,3697,2.63,
2024-06-11 00:00:00,21.67,57,64,58.8,151,0.097,
2024-06-12 00:00:00,986.02,59,115,80.94,4187,3.11,
2024-06-13 00:00:00,1245,67,122,88.81,4563,3.52,
2024-06-14 00:00:00,1251,67,114,90,6563,5.14,
2024-06-15 00:00:00,,,,,8307,4.92,
2024-06-16 00:00:00,438.68,56,114,86.76,1597,1.26,
2024-06-17 00:00:00,,,,,4827,3.55,
2024-06-18 00:00:00,,,,,4751,2.87,
2024-06-19 00:00:00,,,,,208,0.134,
2024-06-20 00:00:00,1271,60,106,80.11,8825,6.66,
2024-06-21 00:00:00,,,,,6409,4.36,
2024-06-22 00:00:00,,,,,442,0.283,
2024-06-23 00:00:00,530.92,65,97,78.54,3016,2.3,
2024-06-24 00:00:00,,,,,6735,4.87,
2024-06-25 00:00:00,,,,,4515,3.21,
2024-06-26 00:00:00,1142,65,107,82.58,4922,3.83,
2024-06-27 00:00:00,1216,61,97,75.96,9730,7.16,
2024-06-28 00:00:00,33.51,53,112,60.86,4390,2.61,
2024-06-29 00:00:00,2294,58,130,92.38,14802,10.94,
2024-06-30 00:00:00,,,,,1324,0.8,
2024-07-01 00:00:00,,,,,761,0.52,
2024-07-02 00:00:00,,,,,1151,0.692,
2024-07-03 00:00:00,,,,,737,0.492,
2024-07-04 00:00:00,1200,57,114,74.26,7500,6.08,
2024-07-05 00:00:00,1007,56,111,73.19,9943,7.35,
2024-07-06 00:00:00,,,,,475,0.299,
2024-07-07 00:00:00,,,,,1982,1.29,
2024-07-08 00:00:00,,,,,375,0.234,
2024-07-09 00:00:00,575.92,57,94,70.51,1630,1.2,
2024-07-10 00:00:00,21.45,53,114,69.91,3561,2.61,
2024-07-11 00:00:00,1428,58,114,74.24,8779,7.38,
2024-07-12 00:00:00,1103,57,115,74.65,7939,6.47,
2024-07-13 00:00:00,1138,53,116,73.08,5508,4.37,
2024-07-14 00:00:00,23.51,45,114,60.24,245,0.164,
2024-07-15 00:00:00,,,,,443,0.313,
2024-07-16 00:00:00,,,,,4302,2.56,
2024-07-17 00:00:00,,,,,443,0.303,
2024-07-18 00:00:00,,,,,15222,9.45,
2024-07-19 00:00:00,,,,,2087,1.31,
2024-07-20 00:00:00,,,,,2934,2.08,
2024-07-21 00:00:00,766.06,55,101,71.28,1959,1.4,
2024-07-22 00:00:00,361.97,59,85,73.63,4067,2.86,
2024-07-23 00:00:00,1683,64,119,89.2,11855,8.65,
2024-07-24 00:00:00,1057,57,129,82.33,9419,7.03,
2024-07-25 00:00:00,1579,51,117,75.95,12781,9.11,
2024-07-26 00:00:00,693.75,54,103,68.55,10346,7.11,
2024-07-27 00:00:00,1075,51,121,70.04,8656,5.6,
2024-07-28 00:00:00,572.51,49,115,67.93,3171,2.15,
2024-07-29 00:00:00,1672,48,129,66.7,8890,6.43,
2024-07-30 00:00:00,,,,,2502,1.76,
2024-07-31 00:00:00,1250,57,93,70.98,6497,4.94,
2024-08-01 00:00:00,45.55,52,119,70.57,9286,6.5,
2024-08-02 00:00:00,,,,,4120,2.83,
2024-08-03 00:00:00,,,,,428,0.251,
2024-08-04 00:00:00,576.81,52,107,66.87,640,0.493,
2024-08-05 00:00:00,20.82,49,104,56.64,883,0.664,
2024-08-06 00:00:00,885.17,55,107,75.17,3176,2.18,
2024-08-07 00:00:00,1256,49,121,68.15,8344,5.86,
2024-08-08 00:00:00,986.86,54,134,80.35,3100,2.24,
2024-08-09 00:00:00,0.167,,,,1290,0.815,
2024-08-10 00:00:00,,,,,700,0.483,
2024-08-11 00:00:00,,,,,1645,1.05,
2024-08-12 00:00:00,,,,,1494,0.981,
2024-08-13 00:00:00,,,,,2385,1.43,
2024-08-14 00:00:00,,,,,1156,0.734,
2024-08-15 00:00:00,,,,,6884,4.58,
2024-08-16 00:00:00,717.71,50,115,64.37,6057,4.52,
2024-08-17 00:00:00,918.35,49,114,69.26,3364,2.66,
2024-08-18 00:00:00,,,,,3102,2.22,
2024-08-19 00:00:00,439.6,55,102,69.09,2357,1.63,
2024-08-20 00:00:00,2017,52,119,70.34,13307,10.31,
2024-08-21 00:00:00,32.24,48,77,54.8,3776,2.4,
2024-08-22 00:00:00,,,,,1269,0.841,
2024-08-23 00:00:00,,,,,3602,2.58,
2024-08-24 00:00:00,600.2,58,138,75.97,2923,2.1,
2024-08-25 00:00:00,438.59,55,106,69.17,1239,0.887,
2024-08-26 00:00:00,,,,,1466,1.01,
2024-08-27 00:00:00,1222,54,106,72.01,10062,7.24,
2024-08-28 00:00:00,88.95,49,98,61.28,6756,4.39,
2024-08-29 00:00:00,113.31,61,89,72.85,1419,0.96,
2024-08-30 00:00:00,252.25,56,102,69.87,7740,4.61,
2024-08-31 00:00:00,1381,48,112,80.98,10287,7.71,
2024-09-01 00:00:00,,,,,958,0.671,
2024-09-02 00:00:00,,,,,5163,4.3,
2024-09-03 00:00:00,1552,52,116,75.67,8889,7.03,
2024-09-04 00:00:00,21.64,50,116,61.51,1168,0.789,
2024-09-05 00:00:00,611.52,54,102,71.83,2520,1.88,
2024-09-06 00:00:00,,,,,606,0.424,
2024-09-07 00:00:00,974.63,52,129,72.57,2567,2.38,
2024-09-08 00:00:00,19.82,51,67,55.85,521,0.336,
2024-09-09 00:00:00,650.15,52,113,69.47,2149,1.64,
2024-09-10 00:00:00,386.08,47,92,56.89,10147,6.98,
2024-09-11 00:00:00,1731,55,119,73.58,12133,9.25,
2024-09-12 00:00:00,,,,,824,0.56,
2024-09-13 00:00:00,,,,,5472,3.62,
2024-09-14 00:00:00,,,,,1051,0.65,
2024-09-15 00:00:00,,,,,1883,1.18,
2024-09-16 00:00:00,,,,,21377,13.59,
2024-09-17 00:00:00,,,,,7485,5.58,
2024-09-18 00:00:00,,,,,1306,0.875,
2024-09-19 00:00:00,,,,,7065,4.87,
2024-09-20 00:00:00,,,,,8867,6.66,
2024-09-21 00:00:00,,,,,2109,1.23,
2024-09-22 00:00:00,,,,,6634,4.71,
2024-09-23 00:00:00,,,,,14501,10.13,
2024-09-24 00:00:00,,,,,6740,4.64,
2024-09-25 00:00:00,,,,,399,0.239,
2024-09-26 00:00:00,,,,,8803,6.16,
2024-09-27 00:00:00,,,,,1100,0.718,
2024-09-28 00:00:00,,,,,6071,3.83,
2024-09-29 00:00:00,,,,,199,0.133,
2024-09-30 00:00:00,,,,,14656,9.8,
2024-10-01 00:00:00,,,,,11643,8.21,
2024-10-02 00:00:00,,,,,9270,6.09,
2024-10-03 00:00:00,,,,,7361,5.06,
2024-10-04 00:00:00,,,,,6930,4.99,
2024-10-05 00:00:00,,,,,118,0.091,
2024-10-06 00:00:00,,,,,130,0.082,
2024-10-07 00:00:00,,,,,12232,7.51,
2024-10-08 00:00:00,,,,,6779,4.7,
2024-10-09 00:00:00,,,,,9640,6.42,
2024-10-10 00:00:00,,,,,6684,4.44,
2024-10-11 00:00:00,,,,,705,0.447,
2024-10-12 00:00:00,,,,,6777,4.43,
2024-10-13 00:00:00,,,,,367,0.232,
2024-10-14 00:00:00,,,,,6397,4.31,
2024-10-15 00:00:00,,,,,7827,4.93,
2024-10-16 00:00:00,,,,,8315,5.11,
2024-10-17 00:00:00,,,,,8876,5.58,
2024-10-18 00:00:00,,,,,7465,5.35,
2024-10-19 00:00:00,,,,,1132,0.711,
2024-10-20 00:00:00,,,,,4641,3.19,
2024-10-21 00:00:00,,,,,10076,6.02,
2024-10-22 00:00:00,,,,,7427,4.76,
2024-10-23 00:00:00,,,,,7768,4.72,
2024-10-24 00:00:00,,,,,9521,5.96,
2024-10-25 00:00:00,,,,,5546,3.74,
2024-10-26 00:00:00,,,,,7297,4.46,
2024-10-27 00:00:00,,,,,973,0.618,
2024-10-28 00:00:00,,,,,10517,7.21,
2024-10-29 00:00:00,,,,,7163,5.47,
2024-10-30 00:00:00,,,,,6707,4.56,
2024-10-31 00:00:00,,,,,7262,4.67,
2024-11-01 00:00:00,,,,,9837,6.71,
2024-11-02 00:00:00,,,,,164,0.104,
2024-11-03 00:00:00,,,,,747,0.473,
2024-11-04 00:00:00,,,,,7510,5.09,
2024-11-05 00:00:00,,,,,8670,5.85,
2024-11-06 00:00:00,,,,,579,0.362,
2024-11-07 00:00:00,,,,,6950,4.79,
2024-11-08 00:00:00,,,,,938,0.616,
2024-11-09 00:00:00,,,,,5220,3.73,
2024-11-10 00:00:00,,,,,381,0.244,
2024-11-11 00:00:00,,,,,7968,5.94,
2024-11-12 00:00:00,,,,,8026,5.68,
2024-11-13 00:00:00,,,,,6998,4.85,
2024-11-14 00:00:00,,,,,7127,4.52,
2024-11-15 00:00:00,,,,,6542,4.62,
2024-11-16 00:00:00,,,,,2079,1.35,
2024-11-17 00:00:00,,,,,589,0.386,
2024-11-18 00:00:00,,,,,8302,6.03,
2024-11-19 00:00:00,,,,,11629,7.68,
2024-11-20 00:00:00,,,,,9563,6.37,
2024-11-21 00:00:00,,,,,4277,2.93,
